mode,load,rps,host_service_cpu,host_busy_cores,infra_cpu,dpu_proxy_cores,dpu_busy_cores,max_frontend_p99_ms,r4_wrk_cores,n,rps_min,rps_max,http_ok,rpc_errors
busy,idle,0,63.49233179111349,0.7727468217241369,2.196436256651553,15.774211366165028,16.0,,0.0,1,0,0,True,0
busy,warmup,11739.8,1169.503167453853,12.99854874521552,65.04151482329203,15.343603251950382,15.871822708536332,28.32,0.897958378393139,1,11739.8,11739.8,True,0
busy,r24000,22836.53,1367.2260917734761,14.817030566434415,77.50748648193704,15.26494989294218,15.8089455462406,2510.0,1.3232983928019333,3,22705.67,22937.09,True,801
busy,r28000,23300.08,1378.438378694161,14.944329550268233,78.15991729338211,15.257387357643028,15.822222058642636,5010.0,1.4197975130804705,3,23018.84,23354.72,True,12
busy,r32000,23571.89,1379.0669129376288,14.956012967815543,78.56074231649166,15.24317283654645,15.795588402473081,6750.0,1.506055130649532,3,23202.19,23645.85,True,0
busy,r40000,23240.63,1381.0448428227476,14.967841793235882,78.2098908033717,15.077919125273535,15.797138376052104,9040.0,1.691413634786766,3,23156.89,23618.91,True,0
busy,sustained,23730.65,1389.327410772049,15.059859396552692,79.2993570279376,15.171971456569434,15.798472309433924,17430.0,1.5273308230891915,1,23730.65,23730.65,True,0
busy,diagnostic,22993.19,1387.9926789416127,15.086152776446252,79.81852229094002,15.194190735472754,15.808348298068067,15180.0,1.5295215721913,1,22993.19,22993.19,True,0
busy,post-diagnostic,23223.54,1371.629141327088,14.867302428267381,77.66379228886011,15.042558370597616,15.77974188882698,6650.0,1.494878177656194,1,23223.54,23223.54,True,0
busy,recovery,11744.44,1182.9905952719778,13.054411293287485,57.82012615690224,15.322446015482376,15.861398742106912,30.54,0.9129318688342676,1,11744.44,11744.44,True,0
event,idle,0,63.59347009538335,0.7683145156662755,2.349638252520188,0.11980671461618193,0.2933968094660406,,0.0,1,0,0,True,0
event,warmup,11748.84,1176.0385242007712,13.066645913503569,64.09417421277846,11.6253661093574,12.531558489995454,28.61,0.9050421546637615,1,11748.84,11748.84,True,1
event,r24000,21908.26,1343.8278976135396,14.602416289864657,75.863439169228,13.15675894746792,13.833230859736588,3670.0,1.2998568184029486,3,21876.77,22029.95,True,245
event,r28000,22166.0,1349.4711419141945,14.650932308384427,76.38328119909616,13.227443527260487,13.804528028271244,5810.0,1.3801098662048523,3,22034.14,22338.2,True,4
event,r32000,22539.42,1353.895507319895,14.718915528533831,76.21732553560216,13.091937399539445,13.937099081650658,7090.0,1.4920536555953836,3,22278.09,22628.23,True,0
event,r40000,22587.27,1363.4089719374147,14.801595944314919,76.79955772679945,13.276557627494507,13.852351422963991,9370.0,1.6891000964855452,3,22555.23,22647.29,True,0
event,sustained,22490.51,1361.7533435622058,14.809654401601716,76.91093514568189,13.176490161931333,13.836250075208143,28820.0,1.7028296425199039,1,22490.51,22490.51,True,0
event,diagnostic,21931.95,1365.9778064881568,14.885351136931204,77.45154308472289,13.084917214147852,13.844644352514699,21730.0,1.6756746399544364,1,21931.95,21931.95,True,0
event,post-diagnostic,22256.34,1355.588915884873,14.723154215466089,76.38198611410927,13.245986619582112,13.829104356486726,9980.0,1.673767578720298,1,22256.34,22256.34,True,0
event,recovery,11739.13,1179.12593099697,12.9780884591615,57.57295333235543,11.812079286591262,12.559174917718616,32.96,0.9159225341170876,1,11739.13,11739.13,True,1
event-profile-moved,idle,0,63.749385790799366,0.7582271797885557,2.1964932604201706,0.12142854283275778,0.2806365272626759,,0.0,1,0,0,True,0
event-profile-moved,warmup,11788.9,1177.9880226910764,13.03683417418632,64.48458193907645,11.999131757148124,12.993322083988465,25.85,0.9034399659383142,1,11788.9,11788.9,True,1
event-profile-moved,r40000,23451.99,1387.7289939570865,15.048931392141835,79.48975815193089,13.652520833301491,14.36407979507527,8760.0,1.6786100414809286,3,23231.91,23521.67,True,0
event-profile-moved,sustained,23594.11,1396.0955356206498,15.125803591054657,79.17160536030201,13.594406090830665,14.410704334867463,25490.0,1.7355625449016936,1,23594.11,23594.11,True,0
event-profile-moved,recovery,11687.9,1184.6234852998034,13.06495820168606,57.76908565714805,12.217148973798295,12.972627595701486,26.86,0.9017505324817175,1,11687.9,11687.9,True,2
