workers,flows,repeat,worker,arm_core,tid,cpu_pct
1,1,1,0,15,2358833,97.22120225495584
1,1,2,0,15,2358833,92.39890437084209
1,1,3,0,15,2358833,99.61060268198658
1,2,1,0,15,2358833,99.49441921881692
1,2,2,0,15,2358833,99.59755019872337
1,2,3,0,15,2358833,99.59799862790827
1,4,1,0,15,2358833,99.70194335075774
1,4,2,0,15,2358833,99.70967360323247
1,4,3,0,15,2358833,99.59957094462317
2,1,1,0,15,2360614,99.00369433311984
2,1,1,1,14,2360615,99.70372045466715
2,1,2,0,15,2360614,98.99667660267107
2,1,2,1,14,2360615,99.59665646086907
2,1,3,0,15,2360614,98.89785572676264
2,1,3,1,14,2360615,99.59784054990455
2,2,1,0,15,2361378,99.00095955710741
2,2,1,1,14,2361379,99.00095955710741
2,2,2,0,15,2361378,98.9934071479179
2,2,2,1,14,2361379,99.09340048847136
2,2,3,0,15,2361378,98.99519439727638
2,2,3,1,14,2361379,98.89519925142054
2,4,1,0,15,2361378,98.7025743505012
2,4,1,1,14,2361379,97.60254565966481
2,4,2,0,15,2361378,98.60332839504238
2,4,2,1,14,2361379,97.80330138980878
2,4,3,0,15,2361378,98.90013146794415
2,4,3,1,14,2361379,97.50012960692169
2,8,1,0,15,2361378,98.90204993272265
2,8,1,1,14,2361379,96.30199604167028
2,8,2,0,15,2361378,98.9029153214896
2,8,2,1,14,2361379,96.20283573232862
2,8,3,0,15,2361378,98.89316859842936
2,8,3,1,14,2361379,96.09336200514723
4,1,1,0,15,2362170,99.00704007366978
4,1,1,1,14,2362171,99.50707562959741
4,1,1,2,13,2362172,100.00711118552503
4,1,1,3,12,2362173,100.00711118552503
4,1,2,0,15,2362170,98.40267824517069
4,1,2,1,14,2362171,100.00272179387265
4,1,2,2,13,2362172,99.30270274131554
4,1,2,3,12,2362173,99.90271907207877
4,1,3,0,15,2362170,98.50297872007634
4,1,3,1,14,2362171,100.00302408129578
4,1,3,2,13,2362172,100.00302408129578
4,1,3,3,12,2362173,99.403005936808
4,2,1,0,15,2362170,97.80346234976973
4,2,1,1,14,2362171,98.30348005094443
4,2,1,2,13,2362172,99.003504832589
4,2,1,3,12,2362173,100.00354023493838
4,2,2,0,15,2362170,97.7928816173137
4,2,2,1,14,2362171,98.09285978178397
4,2,2,2,13,2362172,99.9927214900958
4,2,2,3,12,2362173,98.99279427519484
4,2,3,0,15,2362170,97.09764032342886
4,2,3,1,14,2362171,99.99756984905135
4,2,3,2,13,2362172,97.29763546312697
4,2,3,3,12,2362173,97.39763303297602
4,4,1,0,15,2362170,98.29535718599199
4,4,1,1,14,2362171,97.99537135531246
4,4,1,2,13,2362172,98.09536663220564
4,4,1,3,12,2362173,97.99537135531246
4,4,2,0,15,2362170,98.29321675520237
4,4,2,1,14,2362171,97.89324435741925
4,4,2,2,13,2362172,98.19322365575658
4,4,2,3,12,2362173,97.99323745686503
4,4,3,0,15,2362170,98.0997867209887
4,4,3,1,14,2362171,97.9997869383985
4,4,3,2,13,2362172,98.0997867209887
4,4,3,3,12,2362173,97.8997871558083
4,8,1,0,15,2362170,98.30099562215102
4,8,1,1,14,2362171,96.80098042954444
4,8,1,2,13,2362172,96.90098144238488
4,8,1,3,12,2362173,96.80098042954444
4,8,2,0,15,2362170,98.40038714661311
4,8,2,1,14,2362171,96.90038124498791
4,8,2,2,13,2362172,96.90038124498791
4,8,2,3,12,2362173,96.90038124498791
4,8,3,0,15,2362170,98.3803631912568
4,8,3,1,14,2362171,96.78068248895994
4,8,3,2,13,2362172,96.98064257674704
4,8,3,3,12,2362173,96.78068248895994
4,16,1,0,15,2362170,98.59883269858537
4,16,1,1,14,2362171,95.59886821485559
4,16,1,2,13,2362172,96.19886111160154
4,16,1,3,12,2362173,95.99886347935289
4,16,2,0,15,2362170,98.50316268083627
4,16,2,1,14,2362171,95.7030727772186
4,16,2,2,13,2362172,96.20308883143603
4,16,2,3,12,2362173,95.90307919890557
4,16,3,0,15,2362170,98.80049868579971
4,16,3,1,14,2362171,95.40048152454749
4,16,3,2,13,2362172,96.00048455300376
4,16,3,3,12,2362173,96.10048505774648
8,1,1,0,15,2363350,98.79168124639232
8,1,1,1,14,2363351,99.5916138880635
8,1,1,2,13,2363352,99.99158020889911
8,1,1,3,12,2363353,99.99158020889911
8,1,1,4,11,2363354,100.091571789108
8,1,1,5,10,2363355,99.99158020889911
8,1,1,6,9,2363356,100.091571789108
8,1,1,7,8,2363357,100.091571789108
8,1,2,0,15,2363350,98.39495198495136
8,1,2,1,14,2363351,99.89487503350244
8,1,2,2,13,2363352,99.1949109441786
8,1,2,3,12,2363353,99.99486990340586
8,1,2,4,11,2363354,99.89487503350244
8,1,2,5,10,2363355,99.99486990340586
8,1,2,6,9,2363356,99.99486990340586
8,1,2,7,8,2363357,99.89487503350244
8,1,3,0,15,2363350,98.51376494405962
8,1,3,1,14,2363351,100.01397456249707
8,1,3,2,13,2363352,100.11398853705957
8,1,3,3,12,2363353,99.21386276599709
8,1,3,4,11,2363354,100.01397456249707
8,1,3,5,10,2363355,99.91396058793457
8,1,3,6,9,2363356,100.01397456249707
8,1,3,7,8,2363357,100.01397456249707
8,2,1,0,15,2363350,97.10945910254618
8,2,1,1,14,2363351,99.90973186760417
8,2,1,2,13,2363352,100.10975135082259
8,2,1,3,12,2363353,99.90973186760417
8,2,1,4,11,2363354,97.40948832737382
8,2,1,5,10,2363355,97.2094688441554
8,2,1,6,9,2363356,100.00974160921338
8,2,1,7,8,2363357,100.00974160921338
8,2,2,0,15,2363350,96.99901157028735
8,2,2,1,14,2363351,99.99898100029624
8,2,2,2,13,2363352,99.99898100029624
8,2,2,3,12,2363353,99.99898100029624
8,2,2,4,11,2363354,99.99898100029624
8,2,2,5,10,2363355,99.99898100029624
8,2,2,6,9,2363356,97.39900749428853
8,2,2,7,8,2363357,97.39900749428853
8,2,3,0,15,2363350,98.10938048347067
8,2,3,1,14,2363351,98.10938048347067
8,2,3,2,13,2363352,99.10947610511666
8,2,3,3,12,2363353,99.90955260243344
8,2,3,4,11,2363354,99.90955260243344
8,2,3,5,10,2363355,100.00956216459804
8,2,3,6,9,2363356,100.00956216459804
8,2,3,7,8,2363357,100.00956216459804
8,4,1,0,15,2363350,96.80160876539814
8,4,1,1,14,2363351,100.00166194772535
8,4,1,2,13,2363352,99.90166028577762
8,4,1,3,12,2363353,96.90161042734586
8,4,1,4,11,2363354,96.60160544150268
8,4,1,5,10,2363355,96.60160544150268
8,4,1,6,9,2363356,96.70160710345041
8,4,1,7,8,2363357,100.00166194772535
8,4,2,0,15,2363350,96.8004362701543
8,4,2,1,14,2363351,97.20043807292352
8,4,2,2,13,2363352,97.10043762223121
8,4,2,3,12,2363353,97.10043762223121
8,4,2,4,11,2363354,100.00045069230815
8,4,2,5,10,2363355,100.00045069230815
8,4,2,6,9,2363356,100.00045069230815
8,4,2,7,8,2363357,97.20043807292352
8,4,3,0,15,2363350,97.10825401743122
8,4,3,1,14,2363351,100.0085005328849
8,4,3,2,13,2363352,100.0085005328849
8,4,3,3,12,2363353,100.0085005328849
8,4,3,4,11,2363354,96.70822001529969
8,4,3,5,10,2363355,96.60821151476681
8,4,3,6,9,2363356,96.80822851583257
8,4,3,7,8,2363357,96.80822851583257
8,8,1,0,15,2363350,98.19679564211438
8,8,1,1,14,2363351,97.79680869448866
8,8,1,2,13,2363352,97.8968054313951
8,8,1,3,12,2363353,97.79680869448866
8,8,1,4,11,2363354,97.8968054313951
8,8,1,5,10,2363355,97.69681195758223
8,8,1,6,9,2363356,97.79680869448866
8,8,1,7,8,2363357,97.79680869448866
8,8,2,0,15,2363350,98.1996174930011
8,8,2,1,14,2363351,97.69961944059274
8,8,2,2,13,2363352,97.99961827203776
8,8,2,3,12,2363353,97.79961905107442
8,8,2,4,11,2363354,97.79961905107442
8,8,2,5,10,2363355,97.69961944059274
8,8,2,6,9,2363356,97.69961944059274
8,8,2,7,8,2363357,97.79961905107442
8,8,3,0,15,2363350,98.20044179389058
8,8,3,1,14,2363351,97.8004399943228
8,8,3,2,13,2363352,97.90044044421474
8,8,3,3,12,2363353,97.90044044421474
8,8,3,4,11,2363354,97.70043954443085
8,8,3,5,10,2363355,97.70043954443085
8,8,3,6,9,2363356,97.8004399943228
8,8,3,7,8,2363357,97.90044044421474
8,16,1,0,15,2363350,98.49108409437089
8,16,1,1,14,2363351,97.69115650781762
8,16,1,2,13,2363352,98.09112030109426
8,16,1,3,12,2363353,97.9911293527751
8,16,1,4,11,2363354,97.89113840445594
8,16,1,5,10,2363355,97.9911293527751
8,16,1,6,9,2363356,97.89113840445594
8,16,1,7,8,2363357,97.9911293527751
8,16,2,0,15,2363350,98.40314213992684
8,16,2,1,14,2363351,97.90312617376868
8,16,2,2,13,2363352,98.00312936700031
8,16,2,3,12,2363353,98.00312936700031
8,16,2,4,11,2363354,97.90312617376868
8,16,2,5,10,2363355,97.80312298053704
8,16,2,6,9,2363356,97.90312617376868
8,16,2,7,8,2363357,98.00312936700031
8,16,3,0,15,2363350,98.39362117143118
8,16,3,1,14,2363351,97.79366006672733
8,16,3,2,13,2363352,98.09364061907925
8,16,3,3,12,2363353,97.29369247947412
8,16,3,4,11,2363354,97.79366006672733
8,16,3,5,10,2363355,97.89365358417797
8,16,3,6,9,2363356,96.89371840967155
8,16,3,7,8,2363357,96.79372489222091
8,32,1,0,15,2363350,98.00291049012183
8,32,1,1,14,2363351,97.90290752023395
8,32,1,2,13,2363352,97.60289861057032
8,32,1,3,12,2363353,97.50289564068244
8,32,1,4,11,2363354,98.00291049012183
8,32,1,5,10,2363355,97.60289861057032
8,32,1,6,9,2363356,98.00291049012183
8,32,1,7,8,2363357,98.00291049012183
8,32,2,0,15,2363350,97.29688587732026
8,32,2,1,14,2363351,97.89686667409717
8,32,2,2,13,2363352,98.19685707248561
8,32,2,3,12,2363353,98.19685707248561
8,32,2,4,11,2363354,97.89686667409717
8,32,2,5,10,2363355,97.99686347355998
8,32,2,6,9,2363356,96.79690188000619
8,32,2,7,8,2363357,97.89686667409717
8,32,3,0,15,2363350,98.50995397739602
8,32,3,1,14,2363351,97.80988323847036
8,32,3,2,13,2363352,98.10991355515279
8,32,3,3,12,2363353,98.10991355515279
8,32,3,4,11,2363354,98.00990344959199
8,32,3,5,10,2363355,97.60986302734875
8,32,3,6,9,2363356,98.00990344959199
8,32,3,7,8,2363357,97.90989334403118
12,1,1,0,15,2365200,98.80484388799375
12,1,1,1,14,2365201,99.70488801247953
12,1,1,2,13,2365202,99.90489781792081
12,1,1,3,12,2365203,100.1049076233621
12,1,1,4,11,2365204,99.90489781792081
12,1,1,5,10,2365205,100.00490272064145
12,1,1,6,9,2365206,100.00490272064145
12,1,1,7,8,2365207,99.80489291520017
12,1,1,8,7,2365208,99.60488310975889
12,1,1,9,6,2365209,99.90489781792081
12,1,1,10,5,2365210,100.00490272064145
12,1,1,11,4,2365211,100.00490272064145
12,1,2,0,15,2365200,98.90912862040007
12,1,2,1,14,2365201,99.80921169176872
12,1,2,2,13,2365202,99.30916554100835
12,1,2,3,12,2365203,100.00923015207286
12,1,2,4,11,2365204,100.00923015207286
12,1,2,5,10,2365205,100.10923938222494
12,1,2,6,9,2365206,99.60919323146457
12,1,2,7,8,2365207,99.60919323146457
12,1,2,8,7,2365208,99.90922092192079
12,1,2,9,6,2365209,100.00923015207286
12,1,2,10,5,2365210,100.00923015207286
12,1,2,11,4,2365211,100.10923938222494
12,1,3,0,15,2365200,97.90578289298098
12,1,3,1,14,2365201,100.00590693869354
12,1,3,2,13,2365202,100.00590693869354
12,1,3,3,12,2365203,99.40587149706138
12,1,3,4,11,2365204,100.00590693869354
12,1,3,5,10,2365205,100.00590693869354
12,1,3,6,9,2365206,100.10591284563223
12,1,3,7,8,2365207,99.90590103175485
12,1,3,8,7,2365208,100.00590693869354
12,1,3,9,6,2365209,100.00590693869354
12,1,3,10,5,2365210,100.00590693869354
12,1,3,11,4,2365211,100.10591284563223
12,2,1,0,15,2365200,97.49350259422002
12,2,1,1,14,2365201,99.99333599407181
12,2,1,2,13,2365202,100.09332933006588
12,2,1,3,12,2365203,100.09332933006588
12,2,1,4,11,2365204,96.89354257825558
12,2,1,5,10,2365205,97.69348926620816
12,2,1,6,9,2365206,99.99333599407181
12,2,1,7,8,2365207,99.99333599407181
12,2,1,8,7,2365208,99.99333599407181
12,2,1,9,6,2365209,99.99333599407181
12,2,1,10,5,2365210,99.99333599407181
12,2,1,11,4,2365211,99.99333599407181
12,2,2,0,15,2365200,96.40189286052923
12,2,2,1,14,2365201,99.90196158471856
12,2,2,2,13,2365202,99.90196158471856
12,2,2,3,12,2365203,100.00196354826683
12,2,2,4,11,2365204,99.90196158471856
12,2,2,5,10,2365205,100.00196354826683
12,2,2,6,9,2365206,97.50191445956015
12,2,2,7,8,2365207,97.50191445956015
12,2,2,8,7,2365208,100.00196354826683
12,2,2,9,6,2365209,100.00196354826683
12,2,2,10,5,2365210,100.00196354826683
12,2,2,11,4,2365211,100.00196354826683
12,2,3,0,15,2365200,97.09980868422578
12,2,3,1,14,2365201,100.09980277333676
12,2,3,2,13,2365202,99.9998029703664
12,2,3,3,12,2365203,99.9998029703664
12,2,3,4,11,2365204,99.9998029703664
12,2,3,5,10,2365205,99.89980316739603
12,2,3,6,9,2365206,99.9998029703664
12,2,3,7,8,2365207,100.09980277333676
12,2,3,8,7,2365208,96.59980966937394
12,2,3,9,6,2365209,96.79980927531467
12,2,3,10,5,2365210,99.9998029703664
12,2,3,11,4,2365211,99.9998029703664
12,4,1,0,15,2365200,96.99487675991317
12,4,1,1,14,2365201,97.19486619653154
12,4,1,2,13,2365202,97.39485563314992
12,4,1,3,12,2365203,100.09471302749802
12,4,1,4,11,2365204,99.99471830918883
12,4,1,5,10,2365205,99.99471830918883
12,4,1,6,9,2365206,99.99471830918883
12,4,1,7,8,2365207,99.79472887257045
12,4,1,8,7,2365208,99.89472359087964
12,4,1,9,6,2365209,99.99471830918883
12,4,1,10,5,2365210,96.6948926049856
12,4,1,11,4,2365211,96.79488732329479
12,4,2,0,15,2365200,96.20793704892279
12,4,2,1,14,2365201,99.9082423200352
12,4,2,2,13,2365202,99.9082423200352
12,4,2,3,12,2365203,96.5079618006346
12,4,2,4,11,2365204,96.70797830177582
12,4,2,5,10,2365205,96.80798655234642
12,4,2,6,9,2365206,96.80798655234642
12,4,2,7,8,2365207,100.00825057060581
12,4,2,8,7,2365208,100.00825057060581
12,4,2,9,6,2365209,100.00825057060581
12,4,2,10,5,2365210,100.00825057060581
12,4,2,11,4,2365211,100.00825057060581
12,4,3,0,15,2365200,96.7998606370021
12,4,3,1,14,2365201,99.89985617393089
12,4,3,2,13,2365202,100.0998558859908
12,4,3,3,12,2365203,99.99985602996085
12,4,3,4,11,2365204,99.89985617393089
12,4,3,5,10,2365205,99.99985602996085
12,4,3,6,9,2365206,100.0998558859908
12,4,3,7,8,2365207,96.39986121288226
12,4,3,8,7,2365208,96.59986092494218
12,4,3,9,6,2365209,96.7998606370021
12,4,3,10,5,2365210,96.89986049303207
12,4,3,11,4,2365211,99.89985617393089
12,8,1,0,15,2365200,97.505128369518
12,8,1,1,14,2365201,97.60513362938417
12,8,1,2,13,2365202,97.40512310965183
12,8,1,3,12,2365203,97.40512310965183
12,8,1,4,11,2365204,97.60513362938417
12,8,1,5,10,2365205,97.60513362938417
12,8,1,6,9,2365206,97.40512310965183
12,8,1,7,8,2365207,97.40512310965183
12,8,1,8,7,2365208,100.00525986617231
12,8,1,9,6,2365209,100.00525986617231
12,8,1,10,5,2365210,100.00525986617231
12,8,1,11,4,2365211,97.00510207018714
12,8,2,0,15,2365200,97.40832271324544
12,8,2,1,14,2365201,97.40832271324544
12,8,2,2,13,2365202,97.40832271324544
12,8,2,3,12,2365203,97.30831416836531
12,8,2,4,11,2365204,97.40832271324544
12,8,2,5,10,2365205,100.0085448801288
12,8,2,6,9,2365206,100.0085448801288
12,8,2,7,8,2365207,100.10855342500892
12,8,2,8,7,2365208,97.10829707860506
12,8,2,9,6,2365209,97.30831416836531
12,8,2,10,5,2365210,97.40832271324544
12,8,2,11,4,2365211,97.30831416836531
12,8,3,0,15,2365200,97.54144904802983
12,8,3,1,14,2365201,97.54144904802983
12,8,3,2,13,2365202,99.94000927052237
12,8,3,3,12,2365203,100.03994927979289
12,8,3,4,11,2365204,100.03994927979289
12,8,3,5,10,2365205,97.24162902021827
12,8,3,6,9,2365206,97.14168901094774
12,8,3,7,8,2365207,97.54144904802983
12,8,3,8,7,2365208,97.64138905730036
12,8,3,9,6,2365209,97.54144904802983
12,8,3,10,5,2365210,97.64138905730036
12,8,3,11,4,2365211,97.64138905730036
12,16,1,0,15,2365200,97.98876668530191
12,16,1,1,14,2365201,98.48870937247182
12,16,1,2,13,2365202,97.38883546069802
12,16,1,3,12,2365203,97.488823998132
12,16,1,4,11,2365204,97.58881253556599
12,16,1,5,10,2365205,97.68880107299996
12,16,1,6,9,2365206,97.488823998132
12,16,1,7,8,2365207,98.78867498477376
12,16,1,8,7,2365208,98.78867498477376
12,16,1,9,6,2365209,98.98865205964172
12,16,1,10,5,2365210,98.78867498477376
12,16,1,11,4,2365211,98.88866352220775
12,16,2,0,15,2365200,98.0052041644571
12,16,2,1,14,2365201,98.70524133706036
12,16,2,2,13,2365202,98.80524664743226
12,16,2,3,12,2365203,98.50523071631658
12,16,2,4,11,2365204,98.70524133706036
12,16,2,5,10,2365205,98.80524664743226
12,16,2,6,9,2365206,98.50523071631658
12,16,2,7,8,2365207,97.50517761259762
12,16,2,8,7,2365208,97.7051882333414
12,16,2,9,6,2365209,97.60518292296952
12,16,2,10,5,2365210,97.8051935437133
12,16,2,11,4,2365211,97.8051935437133
12,16,3,0,15,2365200,98.19577210254188
12,16,3,1,14,2365201,97.4958022403038
12,16,3,2,13,2365202,97.4958022403038
12,16,3,3,12,2365203,97.59579793490924
12,16,3,4,11,2365204,97.79578932412012
12,16,3,5,10,2365205,98.9957376593854
12,16,3,6,9,2365206,98.89574196477996
12,16,3,7,8,2365207,98.69575057556908
12,16,3,8,7,2365208,98.79574627017452
12,16,3,9,6,2365209,98.79574627017452
12,16,3,10,5,2365210,98.69575057556908
12,16,3,11,4,2365211,98.59575488096364
12,32,1,0,15,2365200,98.29985076103723
12,32,1,1,14,2365201,98.09985106467704
12,32,1,2,13,2365202,98.69985015375762
12,32,1,3,12,2365203,98.79985000193773
12,32,1,4,11,2365204,98.99984969829792
12,32,1,5,10,2365205,98.39985060921734
12,32,1,6,9,2365206,98.29985076103723
12,32,1,7,8,2365207,98.39985060921734
12,32,1,8,7,2365208,98.39985060921734
12,32,1,9,6,2365209,98.59985030557753
12,32,1,10,5,2365210,98.09985106467704
12,32,1,11,4,2365211,98.39985060921734
12,32,2,0,15,2365200,98.10328009329915
12,32,2,1,14,2365201,98.80330349865399
12,32,2,2,13,2365202,98.20328343692127
12,32,2,3,12,2365203,97.90327340605491
12,32,2,4,11,2365204,98.00327674967703
12,32,2,5,10,2365205,98.30328678054339
12,32,2,6,9,2365206,98.00327674967703
12,32,2,7,8,2365207,98.00327674967703
12,32,2,8,7,2365208,98.50329346778763
12,32,2,9,6,2365209,98.40329012416551
12,32,2,10,5,2365210,98.00327674967703
12,32,2,11,4,2365211,98.70330015503187
12,32,3,0,15,2365200,98.29038879223644
12,32,3,1,14,2365201,98.19039856966042
12,32,3,2,13,2365202,98.19039856966042
12,32,3,3,12,2365203,98.09040834708439
12,32,3,4,11,2365204,98.39037901481248
12,32,3,5,10,2365205,98.39037901481248
12,32,3,6,9,2365206,98.29038879223644
12,32,3,7,8,2365207,98.29038879223644
12,32,3,8,7,2365208,98.59035945996453
12,32,3,9,6,2365209,98.89033012769262
12,32,3,10,5,2365210,98.69034968254056
12,32,3,11,4,2365211,97.89042790193233
16,1,1,0,15,2367047,99.37222947632715
16,1,1,1,14,2367048,98.9723412289375
16,1,1,2,13,2367049,99.57217360002197
16,1,1,3,12,2367050,99.97206184741161
16,1,1,4,11,2367051,99.8720897855642
16,1,1,5,10,2367052,100.07203390925902
16,1,1,6,9,2367053,99.97206184741161
16,1,1,7,8,2367054,98.87236916709008
16,1,1,8,7,2367055,95.97317937351515
16,1,1,9,6,2367056,99.8720897855642
16,1,1,10,5,2367057,99.37222947632715
16,1,1,11,4,2367058,94.27365432210915
16,1,1,12,3,2367059,99.67214566186938
16,1,1,13,2,2367060,96.4730396827522
16,1,1,14,1,2367061,99.57217360002197
16,1,1,15,0,2367062,99.67214566186938
16,1,2,0,15,2367047,98.1988728438347
16,1,2,1,14,2367048,99.89885333094793
16,1,2,2,13,2367049,97.39888202636966
16,1,2,3,12,2367050,99.89885333094793
16,1,2,4,11,2367051,95.49890383489017
16,1,2,5,10,2367052,99.99885218313106
16,1,2,6,9,2367053,99.79885447876481
16,1,2,7,8,2367054,99.89885333094793
16,1,2,8,7,2367055,97.4988808785528
16,1,2,9,6,2367056,99.89885333094793
16,1,2,10,5,2367057,97.4988808785528
16,1,2,11,4,2367058,99.39885907003229
16,1,2,12,3,2367059,98.4988694003841
16,1,2,13,2,2367060,97.09888546982026
16,1,2,14,1,2367061,98.99886366129975
16,1,2,15,0,2367062,99.29886021784915
16,1,3,0,15,2367047,96.50652474852863
16,1,3,1,14,2367048,99.80674787464413
16,1,3,2,13,2367049,97.30657883970815
16,1,3,3,12,2367050,99.40672082905436
16,1,3,4,11,2367051,99.70674111324668
16,1,3,5,10,2367052,98.30664645368253
16,1,3,6,9,2367053,99.90675463604157
16,1,3,7,8,2367054,99.70674111324668
16,1,3,8,7,2367055,99.90675463604157
16,1,3,9,6,2367056,99.90675463604157
16,1,3,10,5,2367057,95.80647741874657
16,1,3,11,4,2367058,98.30664645368253
16,1,3,12,3,2367059,99.00669378346461
16,1,3,13,2,2367060,99.00669378346461
16,1,3,14,1,2367061,98.90668702206717
16,1,3,15,0,2367062,99.00669378346461
16,2,1,0,15,2367047,90.77759117914151
16,2,1,1,14,2367048,99.17551811641891
16,2,1,2,13,2367049,96.87608574073582
16,2,1,3,12,2367050,99.47544407846453
16,2,1,4,11,2367051,90.97754182050525
16,2,1,5,10,2367052,89.77783797232277
16,2,1,6,9,2367053,96.5761597786902
16,2,1,7,8,2367054,98.4756908716458
16,2,1,8,7,2367055,99.27549343710079
16,2,1,9,6,2367056,98.4756908716458
16,2,1,10,5,2367057,95.3764559305077
16,2,1,11,4,2367058,99.37546875778267
16,2,1,12,3,2367059,98.4756908716458
16,2,1,13,2,2367060,93.4769248375521
16,2,1,14,1,2367061,96.67613509937208
16,2,1,15,0,2367062,98.57566619232767
16,2,2,0,15,2367047,96.9906290762684
16,2,2,1,14,2367048,99.39039721836164
16,2,2,2,13,2367049,97.59057111179172
16,2,2,3,12,2367050,99.89034891463108
16,2,2,4,11,2367051,99.89034891463108
16,2,2,5,10,2367052,99.89034891463108
16,2,2,6,9,2367053,96.79064839776063
16,2,2,7,8,2367054,96.89063873701453
16,2,2,8,7,2367055,99.79035857537718
16,2,2,9,6,2367056,99.99033925388495
16,2,2,10,5,2367057,96.29069670149121
16,2,2,11,4,2367058,99.89034891463108
16,2,2,12,3,2367059,99.09042620059999
16,2,2,13,2,2367060,99.09042620059999
16,2,2,14,1,2367061,99.19041653985387
16,2,2,15,0,2367062,94.09090923790575
16,2,3,0,15,2367047,96.99834456780087
16,2,3,1,14,2367048,99.59830019539142
16,2,3,2,13,2367049,97.69833262138295
16,2,3,3,12,2367050,99.79829678212914
16,2,3,4,11,2367051,99.99829336886688
16,2,3,5,10,2367052,99.99829336886688
16,2,3,6,9,2367053,99.19830702191595
16,2,3,7,8,2367054,99.89829507549801
16,2,3,8,7,2367055,96.39835480758767
16,2,3,9,6,2367056,96.79834798106315
16,2,3,10,5,2367057,96.39835480758767
16,2,3,11,4,2367058,99.69829848876027
16,2,3,12,3,2367059,98.99831043517821
16,2,3,13,2,2367060,98.49831896833388
16,2,3,14,1,2367061,99.19830702191595
16,2,3,15,0,2367062,94.59838552694806
16,4,1,0,15,2367047,96.07347015661979
16,4,1,1,14,2367048,98.4728076006977
16,4,1,2,13,2367049,98.37283520719447
16,4,1,3,12,2367050,99.37255914222693
16,4,1,4,11,2367051,98.37283520719447
16,4,1,5,10,2367052,99.77244871623992
16,4,1,6,9,2367053,99.67247632273667
16,4,1,7,8,2367054,99.67247632273667
16,4,1,8,7,2367055,99.67247632273667
16,4,1,9,6,2367056,98.8726971747107
16,4,1,10,5,2367057,93.57416031903864
16,4,1,11,4,2367058,94.07402228655486
16,4,1,12,3,2367059,93.57416031903864
16,4,1,13,2,2367060,94.17399468005812
16,4,1,14,1,2367061,99.27258674872368
16,4,1,15,0,2367062,98.8726971747107
16,4,2,0,15,2367047,89.27944310514873
16,4,2,1,14,2367048,88.57960424542192
16,4,2,2,13,2367049,93.7784072033925
16,4,2,3,12,2367050,98.77725620144115
16,4,2,4,11,2367051,99.6770490210899
16,4,2,5,10,2367052,99.77702600105087
16,4,2,6,9,2367053,97.77748640183141
16,4,2,7,8,2367054,99.17716412128503
16,4,2,8,7,2367055,95.77794680261196
16,4,2,9,6,2367056,98.17739432167531
16,4,2,10,5,2367057,98.37734828159725
16,4,2,11,4,2367058,99.277141101246
16,4,2,12,3,2367059,96.3778086823778
16,4,2,13,2,2367060,99.07718714132406
16,4,2,14,1,2367061,92.77863740378278
16,4,2,15,0,2367062,86.58006464620246
16,4,3,0,15,2367047,96.30391012155671
16,4,3,1,14,2367048,99.80405223397051
16,4,3,2,13,2367049,99.40403599255178
16,4,3,3,12,2367050,96.40391418191139
16,4,3,4,11,2367051,92.20374364701483
16,4,3,5,10,2367052,93.8038086126897
16,4,3,6,9,2367053,96.10390200084736
16,4,3,7,8,2367054,99.70404817361583
16,4,3,8,7,2367055,95.80388981978331
16,4,3,9,6,2367056,99.90405629432519
16,4,3,10,5,2367057,99.90405629432519
16,4,3,11,4,2367058,99.60404411326114
16,4,3,12,3,2367059,98.20398726829563
16,4,3,13,2,2367060,99.80405223397051
16,4,3,14,1,2367061,99.10402381148775
16,4,3,15,0,2367062,98.50399944935967
16,8,1,0,15,2367047,97.19634958678053
16,8,1,1,14,2367048,99.69625569755163
16,8,1,2,13,2367049,98.79628949767404
16,8,1,3,12,2367050,99.89624818641332
16,8,1,4,11,2367051,99.89624818641332
16,8,1,5,10,2367052,97.5963345645039
16,8,1,6,9,2367053,99.69625569755163
16,8,1,7,8,2367054,96.69636836462631
16,8,1,8,7,2367055,93.49648854283929
16,8,1,9,6,2367056,96.19638714247209
16,8,1,10,5,2367057,96.99635709791883
16,8,1,11,4,2367058,96.39637963133377
16,8,1,12,3,2367059,93.39649229840845
16,8,1,13,2,2367060,94.99643220930196
16,8,1,14,1,2367061,96.69636836462631
16,8,1,15,0,2367062,99.3962669642591
16,8,2,0,15,2367047,94.99319578960616
16,8,2,1,14,2367048,97.29303105609137
16,8,2,2,13,2367049,95.49315997797251
16,8,2,3,12,2367050,97.1930382184181
16,8,2,4,11,2367051,96.69307403005175
16,8,2,5,10,2367052,97.4930167314379
16,8,2,6,9,2367053,97.1930382184181
16,8,2,7,8,2367054,95.99312416633886
16,8,2,8,7,2367055,95.59315281564578
16,8,2,9,6,2367056,97.1930382184181
16,8,2,10,5,2367057,99.89284483559636
16,8,2,11,4,2367058,99.0929021342102
16,8,2,12,3,2367059,98.49294510817059
16,8,2,13,2,2367060,99.0929021342102
16,8,2,14,1,2367061,99.69285916024982
16,8,2,15,0,2367062,96.69307403005175
16,8,3,0,15,2367047,92.16915720436616
16,8,3,1,14,2367048,99.26678210839002
16,8,3,2,13,2367049,99.866581396054
16,8,3,3,12,2367050,99.36674865633401
16,8,3,4,11,2367051,99.866581396054
16,8,3,5,10,2367052,99.46671520427802
16,8,3,6,9,2367053,99.866581396054
16,8,3,7,8,2367054,99.76661484811001
16,8,3,8,7,2367055,93.96855506735812
16,8,3,9,6,2367056,96.66765186184607
16,8,3,10,5,2367057,96.96755150567806
16,8,3,11,4,2367058,96.36775221801408
16,8,3,12,3,2367059,95.96788602623808
16,8,3,13,2,2367060,96.06785257418208
16,8,3,14,1,2367061,92.86892303997415
16,8,3,15,0,2367062,95.36808673857409
16,16,1,0,15,2367047,97.36658092680368
16,16,1,1,14,2367048,97.16664954913058
16,16,1,2,13,2367049,97.16664954913058
16,16,1,3,12,2367050,97.96637505982301
16,16,1,4,11,2367051,95.1673357723995
16,16,1,5,10,2367052,97.96637505982301
16,16,1,6,9,2367053,97.96637505982301
16,16,1,7,8,2367054,97.16664954913058
16,16,1,8,7,2367055,95.06737008356293
16,16,1,9,6,2367056,97.26661523796713
16,16,1,10,5,2367057,97.56651230447679
16,16,1,11,4,2367058,98.66613488167889
16,16,1,12,3,2367059,97.7664436821499
16,16,1,13,2,2367060,97.56651230447679
16,16,1,14,1,2367061,98.16630643749612
16,16,1,15,0,2367062,97.16664954913058
16,16,2,0,15,2367047,96.88269058000078
16,16,2,1,14,2367048,98.18245835867985
16,16,2,2,13,2367049,97.78252981139399
16,16,2,3,12,2367050,95.58292280132173
16,16,2,4,11,2367051,97.88251194821545
16,16,2,5,10,2367052,98.08247622185839
16,16,2,6,9,2367053,96.68272630635785
16,16,2,7,8,2367054,98.08247622185839
16,16,2,8,7,2367055,94.28315502264266
16,16,2,9,6,2367056,98.68236904278719
16,16,2,10,5,2367057,96.08283348542906
16,16,2,11,4,2367058,97.58256553775105
16,16,2,12,3,2367059,97.48258340092958
16,16,2,13,2,2367060,98.68236904278719
16,16,2,14,1,2367061,98.08247622185839
16,16,2,15,0,2367062,97.08265485364372
16,16,3,0,15,2367047,97.29356077146291
16,16,3,1,14,2367048,98.39348797442908
16,16,3,2,13,2367049,98.09350782816557
16,16,3,3,12,2367050,98.39348797442908
16,16,3,4,11,2367051,98.59347473860475
16,16,3,5,10,2367052,96.69360047893589
16,16,3,6,9,2367053,95.89365342223321
16,16,3,7,8,2367054,97.49354753563857
16,16,3,8,7,2367055,94.0937725446522
16,16,3,9,6,2367056,98.29349459234125
16,16,3,10,5,2367057,97.5935409177264
16,16,3,11,4,2367058,96.49361371476023
16,16,3,12,3,2367059,97.69353429981423
16,16,3,13,2,2367060,97.29356077146291
16,16,3,14,1,2367061,98.49348135651691
16,16,3,15,0,2367062,96.39362033267238
16,32,1,0,15,2367047,81.80125233623801
16,32,1,1,14,2367048,93.60143299109876
16,32,1,2,13,2367049,95.10145595569969
16,32,1,3,12,2367050,94.70144983180612
16,32,1,4,11,2367051,94.70144983180612
16,32,1,5,10,2367052,93.20142686720517
16,32,1,6,9,2367053,95.80146667251347
16,32,1,7,8,2367054,93.40142992915196
16,32,1,8,7,2367055,93.10142533623177
16,32,1,9,6,2367056,95.40146054861988
16,32,1,10,5,2367057,94.00143911499234
16,32,1,11,4,2367058,91.70140390260423
16,32,1,12,3,2367059,93.70143452207215
16,32,1,13,2,2367060,94.40144523888593
16,32,1,14,1,2367061,96.30147432738045
16,32,1,15,0,2367062,95.50146207959328
16,32,2,0,15,2367047,96.07501960174488
16,32,2,1,14,2367048,95.0752795434541
16,32,2,2,13,2367049,93.57566945601792
16,32,2,3,12,2367050,96.9747856542066
16,32,2,4,11,2367051,98.3744217358137
16,32,2,5,10,2367052,97.37468167752291
16,32,2,6,9,2367053,96.37494161923213
16,32,2,7,8,2367054,98.67434375330095
16,32,2,8,7,2367055,94.27548749682147
16,32,2,9,6,2367056,98.27444772998463
16,32,2,10,5,2367057,96.37494161923213
16,32,2,11,4,2367058,95.77509758425765
16,32,2,12,3,2367059,96.17499360757397
16,32,2,13,2,2367060,97.27470767169383
16,32,2,14,1,2367061,97.57462968918108
16,32,2,15,0,2367062,92.6759034035562
16,32,3,0,15,2367047,95.40789708339733
16,32,3,1,14,2367048,96.90802125137527
16,32,3,2,13,2367049,95.50790536126253
16,32,3,3,12,2367050,97.70808747429685
16,32,3,4,11,2367051,98.40814541935322
16,32,3,5,10,2367052,97.60807919643165
16,32,3,6,9,2367053,98.20812886362283
16,32,3,7,8,2367054,98.40814541935322
16,32,3,8,7,2367055,94.40781430474537
16,32,3,9,6,2367056,98.10812058575763
16,32,3,10,5,2367057,97.70808747429685
16,32,3,11,4,2367058,96.1079550284537
16,32,3,12,3,2367059,97.60807919643165
16,32,3,13,2,2367060,98.30813714148803
16,32,3,14,1,2367061,97.80809575216205
16,32,3,15,0,2367062,97.30805436283606
