dpu,case,metric,variant,rep_values
old,sink-t1-8k,tx_msg_per_sec,before,149363;149202;149254
old,sink-t1-8k,tx_msg_per_sec,after,149984;149817;149817
old,sink-t1-8k,dpu_recv_gbps,before,9.79;9.78;9.775
old,sink-t1-8k,dpu_recv_gbps,after,9.83;9.82;9.815
old,sink-t1-64,tx_msg_per_sec,before,8.62341e+06;8.5964e+06;8.61568e+06
old,sink-t1-64,tx_msg_per_sec,after,8.74998e+06;8.77202e+06;8.78139e+06
old,sink-t1-64,dpu_recv_gbps,before,4.42;4.4;4.41
old,sink-t1-64,dpu_recv_gbps,after,4.48;4.49;4.5
old,echo-t1-8k,rx_gbps,before,8.37;8.35;8.39
old,echo-t1-8k,rx_gbps,after,8.3;8.27;8.38
old,echo-t1-8k,rtt_p50_us,before,248;249;248
old,echo-t1-8k,rtt_p50_us,after,249;251;248
old,echo-t1-8k,rtt_p99_us,before,263;263;261
old,echo-t1-8k,rtt_p99_us,after,265;265;262
old,echo-t4-8k,rx_gbps,before,14.3;14.38;14.09
old,echo-t4-8k,rx_gbps,after,13.35;13.34;13.47
old,echo-t4-8k,rtt_p50_us,before,565;565;574
old,echo-t4-8k,rtt_p50_us,after,611;611;605
old,echo-t4-8k,rtt_p99_us,before,647;647;654
old,echo-t4-8k,rtt_p99_us,after,683;684;675
old,echo-t1-64-pingpong,tx_msg_per_sec,before,75338;75216;75134
old,echo-t1-64-pingpong,tx_msg_per_sec,after,75678;75899;75718
old,echo-t1-64-pingpong,rtt_p50_us,before,11;11;11
old,echo-t1-64-pingpong,rtt_p50_us,after,12;11;11
old,echo-t1-64-pingpong,rtt_p99_us,before,13;13;13
old,echo-t1-64-pingpong,rtt_p99_us,after,13;13;13
old,conn-open-close,open_p50_us,before,211549;211574;211525
old,conn-open-close,open_p50_us,after,237007;211817;211888
old,conn-open-close,close_p50_us,before,71582.5;71680.9;71693.2
old,conn-open-close,close_p50_us,after,73209.8;71787.4;71778.6
old,conn-open-close,channel_create_us,before,104129;109079;106581
old,conn-open-close,channel_create_us,after,93790;95595;97008
old,conn-open-close,channel_destroy_us,before,21376;21847;21330
old,conn-open-close,channel_destroy_us,after,16241;15996;15732
rx_wm_batch,sink-t1-8k,tx_msg_per_sec,before,149721;149612;149420
rx_wm_batch,sink-t1-8k,tx_msg_per_sec,after,150240;150387;150489
rx_wm_batch,sink-t1-8k,dpu_recv_gbps,before,9.81;9.81;9.81
rx_wm_batch,sink-t1-8k,dpu_recv_gbps,after,9.84;9.855;9.86
rx_wm_batch,sink-t1-64,tx_msg_per_sec,before,7.42585e+06;8.61898e+06;8.58995e+06
rx_wm_batch,sink-t1-64,tx_msg_per_sec,after,8.76415e+06;8.73762e+06;8.75838e+06
rx_wm_batch,sink-t1-64,dpu_recv_gbps,before,3.8;4.41;4.4
rx_wm_batch,sink-t1-64,dpu_recv_gbps,after,4.485;4.47;4.48
rx_wm_batch,echo-t1-8k,rx_gbps,before,9.74;9.75;9.75
rx_wm_batch,echo-t1-8k,rx_gbps,after,9.8;9.79;9.79
rx_wm_batch,echo-t1-8k,rtt_p50_us,before,213;213;213
rx_wm_batch,echo-t1-8k,rtt_p50_us,after,212;212;212
rx_wm_batch,echo-t1-8k,rtt_p99_us,before,226;226;226
rx_wm_batch,echo-t1-8k,rtt_p99_us,after,226;224;225
rx_wm_batch,echo-t4-8k,rx_gbps,before,20.82;20.54;20.78
rx_wm_batch,echo-t4-8k,rx_gbps,after,20.78;20.09;20.25
rx_wm_batch,echo-t4-8k,rtt_p50_us,before,374;380;376
rx_wm_batch,echo-t4-8k,rtt_p50_us,after,389;396;394
rx_wm_batch,echo-t4-8k,rtt_p99_us,before,462;465;461
rx_wm_batch,echo-t4-8k,rtt_p99_us,after,457;478;470
rx_wm_batch,echo-t1-64-pingpong,tx_msg_per_sec,before,76610;76794;76742
rx_wm_batch,echo-t1-64-pingpong,tx_msg_per_sec,after,77370;77409;76989
rx_wm_batch,echo-t1-64-pingpong,rtt_p50_us,before,11;11;11
rx_wm_batch,echo-t1-64-pingpong,rtt_p50_us,after,11;11;11
rx_wm_batch,echo-t1-64-pingpong,rtt_p99_us,before,12;12;12
rx_wm_batch,echo-t1-64-pingpong,rtt_p99_us,after,13;13;13
rx_wm_batch,conn-open-close,open_p50_us,before,211489;211822;211708
rx_wm_batch,conn-open-close,open_p50_us,after,211794;211867;211672
rx_wm_batch,conn-open-close,close_p50_us,before,71624.8;71800.6;71641.7
rx_wm_batch,conn-open-close,close_p50_us,after,71664.8;71921.3;71929.6
rx_wm_batch,conn-open-close,channel_create_us,before,104569;106074;104814
rx_wm_batch,conn-open-close,channel_create_us,after,89682;95941;93533
rx_wm_batch,conn-open-close,channel_destroy_us,before,22467;21271;21605
rx_wm_batch,conn-open-close,channel_destroy_us,after,15463;17296;16698
