frontends,mode,load,rps,host_service_cpu,infra_cpu,dpu_proxy_cores,dpu_busy_cores,max_frontend_p99_ms,host_service_cpu_us_per_http,dpu_cpu_us_per_http,n,rps_min,rps_max,http_ok,rpc_errors,rpc_calls
4,busy,idle,0,56.75823419299049,2.1456758200770487,15.506611501975845,15.999483204134368,,,,1,0,0,True,0,0
4,busy,r14000,13988.78,1172.6366951794128,66.75296016484036,15.238020557306724,15.859813159131482,89.47,838.2324272479325,1089.3030383855291,3,13988.240000000002,13989.49,True,109,4777970
4,busy,r18000,16796.739999999998,1206.1958745071802,72.20911325273073,15.175159507248472,15.84303429630719,3450.0,718.1130829596578,903.4586179966157,3,16679.15,17201.84,True,13,5777225
4,busy,r24000,16986.12,1211.1620543812382,71.94153455940712,15.189617494380112,15.835081023448092,9740.0,713.0304356623162,894.237029667759,1,16986.12,16986.12,True,0,1935707
4,busy,recovery,5966.62,841.4842249866822,38.4512179995735,15.336978268126614,15.930142387626653,174.46,1410.3197873950114,2570.4633893438186,1,5966.62,5966.62,True,1,452589
4,event,idle,0,56.71028402991952,2.1968848768347202,0.1339488246400117,0.5659013544940714,,,,1,0,0,True,0,0
4,event,r14000,13744.06,1150.8278767745232,66.26967824238122,10.723805845043923,11.362433200242615,1630.0,835.1956428835122,778.1743483239912,3,13690.759999999998,13805.36,True,50,4701100
4,event,r18000,14235.27,1159.2130568934033,66.5752855926729,10.790597350367737,11.43338895685992,7610.0,814.7228624958263,758.3031563315114,3,14222.380000000001,14251.21,True,0,4868639
4,event,r24000,14257.23,1163.636323573885,66.5677307666582,10.840528676284302,11.377822727309098,13030.0,816.1727934345486,760.3530753368152,1,14257.23,14257.23,True,0,1624175
4,event,recovery,5983.949999999999,849.9551012994121,38.808403543860216,7.6998276077254335,8.211604596539576,26.7,1420.3913824470665,1286.7466485725038,1,5983.949999999999,5983.949999999999,True,11,455214
8,busy,idle,0,63.29022811380811,2.1965131629489503,15.797209152274158,16.0,,,,1,0,0,True,0,0
8,busy,r14000,13892.410000000002,1213.6137751369226,65.49094229075041,15.115431179644467,15.817050207097454,323.07,872.5839397926705,1086.0604669922816,3,13863.51,13917.67,True,110,4748597
8,busy,r18000,17611.87,1251.3036431761177,71.3777735263692,15.28885864143425,15.83267578421225,2510.0,710.4888028222545,860.2718511631748,3,17581.0,17806.25,True,108,6042251
8,busy,r24000,18127.75,1254.7805909013505,71.85983003844478,15.125701473815703,15.81665420335251,9450.0,692.1877182228078,834.3948627830647,1,18127.75,18127.75,True,0,2066441
8,busy,recovery,5967.6,882.6987010695223,38.799942904154825,15.584385612637034,15.934541000856354,37.25,1479.151922162213,2611.499700488812,1,5967.6,5967.6,True,5,452410
8,event,idle,0,63.903014743703764,2.145424955424107,0.12143160271445262,0.2643578091342281,,,,1,0,0,True,0,0
8,event,r14000,13906.66,1215.2426218891947,65.62470036520844,12.381419453232546,13.142394387297863,171.01,873.2035515325756,889.657690146665,3,13888.49,13917.06,True,139,4751961
8,event,r18000,16605.64,1244.731661942158,69.86614269011628,12.976219968603765,13.648958592297149,5190.0,749.5836727414048,777.5330104779894,3,16506.46,16712.300000000003,True,2,5681419
8,event,r24000,16578.370000000003,1245.9454293704923,69.77024500238771,12.84173145769856,13.63548269507532,10800.0,751.5488129234009,774.6076036243948,1,16578.370000000003,16578.370000000003,True,0,1890229
8,event,recovery,5966.09,887.4272175196387,38.903436874350746,8.267179158858065,8.699396896547762,24.4,1487.451945109173,1385.6946775623674,1,5966.09,5966.09,True,7,453203
