case,repeat,host_cores,profiled,traffic_ok,lifecycle_ok,qps,completed,p99_ms,proxy_cpu,host_client_cpu,host_server_cpu,rpc_errors,reconnects
host8,1,8,False,True,True,33488,334880,45.799082999999996,334.72914757785855,201.49472643998172,247.89351208174426,0,0
host8,2,8,False,True,True,33200.4,332004,46.872748,334.09713297943506,200.60651357319622,247.00802020229048,0,0
host8,3,8,False,True,True,33342,333420,46.629684999999995,334.7950884553194,199.70396408354483,247.9049208628481,0,0
profile8,1,8,True,True,False,32187.2,321872,48.020371,330.41130327116105,198.50187685531398,236.60223709807198,0,0
host4,1,4,False,True,True,33605.2,336052,46.125824,334.926394511215,169.10026198682598,183.30028398690243,0,0
host4,2,4,False,True,True,33587.8,335878,45.514493,335.105441374554,168.0006336816041,182.70068912874447,0,0
host4,3,4,False,True,True,33611.6,336116,45.590421,335.70170405573333,166.8004203373472,183.90046342948528,0,0
host16,1,16,False,True,False,33415.9,334159,46.480005,334.3303975200658,223.0926294652935,300.99005588997466,0,0
host16,2,16,False,True,False,33294,332940,47.525012000000004,333.7980757550465,220.90390714931297,299.9053044548618,0,0
host16,3,16,False,True,False,33436.9,334369,46.895574,335.00160757244333,223.8010982366964,299.20146824137424,0,0
host2,1,2,False,True,True,32567.6,325676,50.430969,334.32508728685,126.29357492828126,127.3935189696202,0,0
host2,2,2,False,True,True,32470.4,324704,51.380055999999996,334.6062551619666,125.80051697706041,127.10052231943067,0,0
host2,3,2,False,True,True,32387.5,323875,52.803641000000006,333.5242783324331,124.80084744779286,127.30086442391051,0,0
inline8,1,8,False,True,True,32636.6,326366,47.347203,321.6223748183951,193.70311492032644,235.90379354519882,0,0
inline8,2,8,False,True,True,32477.5,324775,48.168021,321.2022448505983,190.4995252561552,235.4994131119399,0,0
inline8,3,8,False,True,True,32405.1,324051,49.036398,321.40290765167686,191.89849877822977,236.09815300437754,0,0
nghttp2_host8,1,8,False,True,True,33743.1,337431,43.874873,334.6328746014526,193.10127371547875,239.90158241503548,0,0
nghttp2_host8,2,8,False,True,True,33564.9,335649,45.124592,333.3896765217024,190.999493927534,238.99936674701897,0,0
nghttp2_host8,3,8,False,True,True,33628.3,336283,43.838836,334.01016830543,190.90180396466772,240.40227172920964,0,0
confirm_host8,1,8,False,True,True,33397.8,333978,46.63746,335.61777441848847,200.90277020834935,245.90339071295722,0,0
confirm_host8,2,8,False,True,True,33468.7,334687,46.516987,335.7162900281295,202.4025947202916,246.20315622596735,0,0
confirm_host8,3,8,False,True,True,33422.3,334223,46.771599,336.20089839611046,202.38796516188165,246.3853488927255,0,0
