workers,replicas_per_service,http_rps_median,http_rps_min,http_rps_max,approx_internal_rpc_rps_median,host_service_cpu_pct_median,dpu_worker_cpu_pct_min,dpu_worker_cpu_pct_max,max_frontend_p99_ms_median,http_ok,internal_rpc_errors_3trials,dpa_peak_active,dpa_remaining,h2_pool_peak
4,1,5289.78,5285.4,5342.21,20133.2,1033.8269868909383,98.38237970565126,99.00059759494464,13470.0,True,363,49,0,9
4,2,6008.3,5930.47,6032.860000000001,22851.633333333335,1157.6088217605034,98.77926539090531,99.2614851901047,8830.0,True,218,69,0,18
4,4,5302.0,5282.79,5305.91,20150.066666666666,1190.8327925957733,98.32650377334055,99.39388016568552,10350.0,True,233,109,0,36
8,1,6391.2699999999995,6289.17,6402.76,24252.233333333334,1081.4290172193303,98.222936912677,100.00361092626447,11890.0,True,314,49,0,9
8,2,6782.28,6777.38,6801.28,25770.6,1164.0892410596823,98.75876981187908,99.13781239788267,6090.0,True,284,67,0,18
8,4,6216.469999999999,6202.05,6217.16,23608.5,1193.794928588637,98.80787628775333,98.97971093648418,7030.0,True,233,106,0,36
16,1,7822.33,7669.59,7893.2,29752.133333333335,1091.6788722324188,92.48871641531737,99.84298769408171,1270.0,True,236,49,0,9
16,2,7061.22,6959.75,7122.87,26842.366666666665,1166.1877206715915,94.30663394017243,99.82320602654994,4870.0,True,201,67,0,18
16,4,6272.63,6157.75,6312.73,23827.7,1193.04118245683,92.04541847180978,99.17521829352405,7040.0,True,149,107,0,36
