mode,load,rps,host_service_cpu,infra_cpu,dpu_proxy_cores,dpu_busy_cores,max_frontend_p99_ms,host_service_cpu_us_per_http,dpu_cpu_us_per_http,n,rps_min,rps_max,http_ok,rpc_errors,rpc_calls
busy,idle,0,56.75823419299049,2.1456758200770487,15.506611501975845,15.999483204134368,,,,1,0,0,True,0,0
busy,r14000,13988.78,1172.6366951794128,66.75296016484036,15.238020557306724,15.859813159131482,89.47,838.2324272479325,1089.3030383855291,3,13988.240000000002,13989.49,True,109,4777970
busy,r18000,16796.739999999998,1206.1958745071802,72.20911325273073,15.175159507248472,15.84303429630719,3450.0,718.1130829596578,903.4586179966157,3,16679.15,17201.84,True,13,5777225
busy,r24000,16986.12,1211.1620543812382,71.94153455940712,15.189617494380112,15.835081023448092,9740.0,713.0304356623162,894.237029667759,1,16986.12,16986.12,True,0,1935707
busy,recovery,5966.62,841.4842249866822,38.4512179995735,15.336978268126614,15.930142387626653,174.46,1410.3197873950114,2570.4633893438186,1,5966.62,5966.62,True,1,452589
event,idle,0,56.71028402991952,2.1968848768347202,0.1339488246400117,0.5659013544940714,,,,1,0,0,True,0,0
event,r14000,13744.06,1150.8278767745232,66.26967824238122,10.723805845043923,11.362433200242615,1630.0,835.1956428835122,778.1743483239912,3,13690.759999999998,13805.36,True,50,4701100
event,r18000,14235.27,1159.2130568934033,66.5752855926729,10.790597350367737,11.43338895685992,7610.0,814.7228624958263,758.3031563315114,3,14222.380000000001,14251.21,True,0,4868639
event,r24000,14257.23,1163.636323573885,66.5677307666582,10.840528676284302,11.377822727309098,13030.0,816.1727934345486,760.3530753368152,1,14257.23,14257.23,True,0,1624175
event,recovery,5983.949999999999,849.9551012994121,38.808403543860216,7.6998276077254335,8.211604596539576,26.7,1420.3913824470665,1286.7466485725038,1,5983.949999999999,5983.949999999999,True,11,455214
