workers,flows,inflight,repeats,qps,qps_min,qps_max,p99_ms,worker_cpu_pct,host_client_cpu_pct,host_server_cpu_pct,proxy_cpu_pct,dispatcher_cpu_pct,helper_cpu_pct,completed,rpc_errors,reconnects,server_replicas,active_replicas,flows_per_replica,host_replica_cpu_pct,one_replica_qps,speedup_vs_one_replica
1,1,64,3,11415.1,11412.8,11472.6,7.527845999999999,[99.59816710497526],60.97643844615189,63.207366887950336,99.99615971719295,0.3999846388687718,0.0,343005,0,0,1,1,[1],[63.207366887950336],11362.9,1.00459389768457
1,2,128,3,16246.4,16172.9,16248.9,10.922588,[99.600511966183],77.50733441721249,85.90191756290602,100.00016714998054,0.40000066859992217,0.0,486682,0,0,1,1,[2],[85.90191756290602],16180.9,1.0040479824978834
1,4,256,3,17794,17621.9,17812.1,18.356209,[99.49281921556559],79.45256415572415,93.6002320349986,99.89279034809047,0.3999739694143775,0.0,532280,0,0,1,1,[4],[93.6002320349986],17956.9,0.9909282782662931
2,1,64,3,11364.4,11043.8,11542.8,7.484662,"[98.79451657849937, 99.99778195896755]",59.91523919013643,69.99809190104624,199.19558166226338,0.3999949209454922,0.0,339510,0,0,2,1,"[1, 0]","[64.09992356716165, 5.799965174691309]",10605.3,1.071577418837751
2,2,128,3,20308.8,20246.6,20380.6,9.938573,"[98.19724417281294, 98.19006612052873]",93.22328473181666,111.70139107326798,196.30580774583166,0.4999859682933449,0.0,609360,0,0,2,2,"[1, 1]","[55.899494232622466, 55.995451052670845]",19091.3,1.0637725037058765
2,4,256,3,23770.8,23725.5,23910,18.445116000000002,"[96.69970794720946, 97.1997064371123]",105.71918827647251,126.99914486418834,194.3994128742246,0.49996863991798407,0.0,714063,0,0,2,2,"[2, 2]","[59.29960071217613, 67.39681126114452]",23590.2,1.0076557214436503
2,8,512,3,20297.5,20149.8,20531.3,50.338888,"[96.48626190005133, 97.78607682720228]",96.72512216763421,112.90923964505751,194.80952669155764,0.5000478168224369,0.0,609786,0,0,2,2,"[4, 4]","[45.30370731551023, 67.60553232954727]",24313.8,0.8348139739571766
4,1,64,3,11201.4,10611.9,11545.3,8.113243,"[98.79472209963299, 99.90472700198326, 99.90472700198326, 100.00225074067036]",58.95735282387862,77.49483716983343,398.57870677038164,0.4000189269348679,0.0,333586,0,0,4,1,"[1, 0, 0, 0]","[64.79568320780912, 4.300170733546762, 4.299713546197211, 4.2000999871485964]",11352.8,0.9866640828694243
4,2,128,3,20972.7,20790.3,21928.2,9.458772999999999,"[98.30120928173207, 98.40463814547974, 100.00471356247941, 99.70469942179197]",95.83922941650161,123.10405265926552,396.8226366679066,0.5000235678123971,0.0,636912,0,0,4,2,"[1, 1, 0, 0]","[52.001711927553266, 61.800694392565674, 4.30004831534033, 4.30004831534033]",17250.4,1.2157805036404952
4,4,256,3,41007.1,40804.3,41052.5,9.899092000000001,"[98.40464038863266, 98.40464038863266, 98.60464982031687, 98.20245017093166]",170.4421146736911,213.7982462772865,394.2185898495833,0.5000124754120756,0.0,1228639,0,0,4,4,"[1, 1, 1, 1]","[53.699559518663634, 51.99957346313797, 54.600405074845135, 53.79955869840044]",25401.5,1.614357419837411
4,8,512,3,47374.3,47021.5,48191.3,16.981975,"[97.39625116933827, 97.69619709709741, 96.79623212895629, 97.39625116933827]",194.2898066910935,241.39040557583058,388.3850508641785,0.5999769065872994,0.0,1425871,0,0,4,4,"[2, 2, 2, 2]","[59.19764710061794, 59.397825077447344, 62.797700586930866, 59.40056431726456]",29324.8,1.615502919030991
4,16,1024,3,44688.4,44321.8,45129.1,40.954243999999996,"[97.90344982357401, 97.30342868063076, 97.80730612761212, 97.20726130474334]",198.4154679239473,232.61821379684858,390.9292020990141,0.600044822868786,0.0,1341393,0,0,4,4,"[4, 4, 4, 4]","[59.30464350022837, 55.404338109825495, 64.40504285690906, 53.50154094580093]",28620.5,1.561412274418686
8,1,64,3,10847.2,10508,11359.4,8.015491,"[98.60141994931406, 100.00144011086618, 100.00049030241205, 100.00049030241205, 99.90143867075531, 100.00049030241205, 100.00144011086618, 99.90776345235304]",57.482248160758964,85.29954655597462,798.3114964050447,0.6000466273414597,0.0,327146,0,0,8,1,"[1, 0, 0, 0, 0, 0, 0, 0]","[63.59966191043359, 3.0999835207915742, 3.1000104182074724, 3.0999835207915742, 3.0999835207915742, 3.100267435580721, 3.1999829892042055, 3.100267435580721]",11335.1,0.956956709689372
8,2,128,3,22634.1,20951.3,24787.9,7.879856,"[98.69828950942518, 98.2982964415045, 99.99826698016736, 99.99140071945719, 99.99140071945719, 99.89826871318719, 99.89826871318719, 99.99826698016736]",102.85265481420836,142.89689157801067,796.0865234500052,0.5999898430724823,0.0,683733,0,0,8,2,"[1, 1, 0, 0, 0, 0, 0, 0]","[63.29862307129514, 65.49504596122378, 3.1997579706246735, 3.0999612483127468, 3.0999325674725897, 3.1997579706246735, 3.2997504072066945, 3.0999325674725897]",18480.2,1.2247757058906288
8,4,256,3,42227.8,42208.8,49379.9,9.590297,"[98.49898994250064, 98.39899096793972, 98.60077686582548, 98.50342929858385, 99.6034675953193, 99.90347803988352, 99.99897456091436, 99.99897456091436]",176.97587957130457,234.5987231723887,794.2918549373428,0.7000243706498345,0.0,1338165,0,0,8,4,"[1, 1, 1, 1, 0, 0, 0, 0]","[63.203566836206946, 50.60285572645683, 55.49969793720193, 52.50296295729216, 3.199982583766598, 3.199982583766598, 3.2999820395093042, 3.100040342063248]",27117.1,1.557238790283622
8,8,512,3,79635.3,79554.9,79805.2,10.334019,"[98.40007095627016, 98.60007110049021, 98.60007110049021, 98.40007095627016, 98.29354214349134, 98.39353557395266, 98.493529004414, 98.40028224199474]",306.5367765200853,379.2012131021703,788.1022605174396,0.7000005047702145,0.0,2389954,0,0,8,8,"[1, 1, 1, 1, 1, 1, 1, 1]","[50.39986421269627, 46.400148438662185, 46.99987337295089, 45.00014395990945, 46.00017738130124, 49.000156756345845, 48.40015483688038, 48.0998704093391]",31489.8,2.5289236514680944
8,16,1024,3,91926.1,91869.2,91946.8,17.549069,"[98.10101608130219, 98.10042894425115, 98.00101504554144, 97.80252797037542, 97.50100986673766, 97.50042632073891, 97.70101193825917, 97.90253055521221]",224.42786995741577,297.3047312479937,783.2081120782454,0.700007250325296,0.0,2757421,0,0,8,8,"[2, 2, 2, 2, 2, 2, 2, 2]","[41.000652476178075, 36.70093869261544, 36.301781310277185, 32.501594837025024, 34.00054107780621, 38.40188436128495, 39.70063178790902, 38.80190399004834]",30457.8,3.018146418979703
8,32,2048,3,84772.4,84766,84829.2,43.690877,"[98.09464724952329, 97.9946527059458, 97.99976774049321, 97.59976868849121, 97.69466907521331, 97.19893211393395, 97.89892442339644, 97.99892332474822]",238.44164939500166,279.9994288848255,783.3913931898751,0.7999981040040263,0.0,2543676,0,0,8,8,"[4, 4, 4, 4, 4, 4, 4, 4]","[42.89991249699648, 34.59992942648201, 35.39795992359411, 27.700211457897804, 31.29993615748228, 32.19814433728052, 38.600294666962284, 37.100283216173594]",27367.4,3.097568640060802
12,1,64,3,10603.2,10562.1,11453.1,8.211184,"[98.20720763333402, 99.9931012255253, 99.9931012255253, 100.00032476138554, 100.00032476138554, 100.10032508614692, 100.00733974881265, 100.00032476138554, 100.00733974881265, 100.00032476138554, 99.90032443662415, 100.00032476138554]",56.85898292261938,90.99995307163427,1198.7038929147284,0.8000025980910843,0.0,326184,0,0,12,1,"[1, 0, 0, 0, 0, 0, 0, 0, 0, 0, 0, 0]","[62.09996797525811, 2.5999986591895508, 2.5999986591895508, 2.5999986591895508, 2.5999986591895508, 2.5999986591895508, 2.5999986591895508, 2.5999986591895508, 2.5998828739760826, 2.600180386996027, 2.699998607619918, 2.699998607619918]",11198.3,0.9468580052329373
12,2,128,3,24872.3,22736.5,24925.9,7.611413,"[98.0008324292881, 98.70083837521157, 99.99951507258226, 99.90084856822327, 99.89700124188624, 99.99951507258226, 99.99951507258226, 99.99699824012637, 99.99699824012637, 99.90084856822327, 99.99951507258226, 99.99699824012637]",112.23676346784052,161.8021079085511,1196.3640869448718,0.9000076447587683,0.0,725347,0,0,12,2,"[1, 1, 0, 0, 0, 0, 0, 0, 0, 0, 0, 0]","[64.40083899450364, 69.90091064776095, 2.7000351752354015, 2.69998771559099, 2.7000351752354015, 2.799987260612879, 2.7000351752354015, 2.7998964713121346, 2.7000351752354015, 2.69998771559099, 2.800036478021898, 2.6999001687652724]",18370.7,1.3539113915093055
12,4,256,3,48409.8,42953.4,54437.1,8.729104,"[98.29918369401827, 97.79918784613415, 98.7001650264388, 98.50531214524698, 99.99916957682429, 99.99916957682429, 99.99916957682429, 99.59917289851698, 99.99916957682429, 100.0001672000393, 100.0001672000393, 100.0001672000393]",201.5535354432098,268.20286708862454,1191.7901030165917,0.9000015048003537,0.0,1458003,0,0,12,4,"[1, 1, 1, 1, 0, 0, 0, 0, 0, 0, 0, 0]","[62.700630536283434, 69.10069489724378, 62.500668132136596, 59.10063178574836, 2.9000953362959185, 2.9000291635601587, 2.8000920488374383, 2.9000291635601587, 2.900031001331138, 3.0000320703425567, 2.9000291635601587, 2.8000920488374383]",26799.2,1.8063897429774023
12,8,512,3,83986.2,80406.2,87918.2,9.943795,"[97.81769043668842, 98.40243601151921, 98.40240938301109, 98.30243353589775, 98.50243848714068, 98.51781705535593, 98.31778087859378, 98.31778087859378, 99.40246076773384, 99.60243876573074, 99.4024338686108, 99.60243876573074]",324.4780679353561,400.8047809188846,1183.0139493713198,1.1000272318360889,0.0,2523106,0,0,12,8,"[1, 1, 1, 1, 1, 1, 1, 1, 0, 0, 0, 0]","[48.400577336512015, 44.90053558697086, 50.00204665377963, 47.20193204116797, 44.00180105532608, 49.60904408578537, 47.90873410703869, 45.30185426832434, 2.9005287872737413, 2.9001187059192186, 3.000122799226778, 3.0005470213176633]",32459.1,2.587446971727497
12,16,1024,3,116598.4,114875.7,127596.8,16.171532,"[97.08728462451309, 97.39584432351586, 97.50057790530829, 97.70057909075508, 97.20057612713812, 97.70057909075508, 97.19585285673246, 97.4005773125849, 98.10058146164866, 97.90058027620186, 98.48710129263172, 97.10057553441472]",271.6759236308866,371.7872563602273,1170.0467607374378,1.0999530673087006,0.0,3590709,0,0,12,12,"[2, 2, 2, 2, 1, 1, 1, 1, 1, 1, 1, 1]","[41.294177958742274, 43.899950235015666, 44.99845760142611, 40.499954089251354, 29.199966898917026, 29.395855496053823, 23.996616731472507, 29.29586959300602, 31.09561584786646, 30.69567223567525, 25.59997097987246, 26.399095126169986]",33044.2,3.5285587183227314
12,32,2048,3,122478.2,121610.3,130921.8,29.789818,"[98.2085826734526, 98.10859737438984, 98.00858861050159, 97.60455994875542, 97.70856231883678, 97.70853897348594, 97.70853897348594, 97.8045692929127, 97.60855355494851, 97.50854479106025, 97.9085564534726, 97.90457396499134]",313.3060013949602,381.610120644012,1175.302993214913,1.2000560649437142,0.0,3750103,0,0,12,12,"[3, 3, 3, 3, 3, 3, 3, 3, 2, 2, 2, 2]","[38.501021081746494, 33.903148992265855, 36.20096008205775, 28.800763822189587, 31.70084073484062, 33.70089377804823, 30.300803604595295, 35.20093356045394, 25.30067099657627, 27.10251733600014, 31.40291676569758, 29.400779735151872]",28675.6,4.271164334835191
16,1,64,3,10675.4,10433.3,11344.6,8.157430999999999,"[98.86036593991764, 99.16024571526623, 99.40291550739738, 99.50291844050342, 99.36016556549862, 99.90293017292755, 94.46212923480502, 99.70292430671549, 96.30282458111034, 99.20290964118531, 96.70283631353448, 96.69949305326901, 98.80289790876118, 99.8599651910796, 99.36016556549862, 99.16024571526623]",57.579510805657584,98.09552383290482,1581.3660153382175,0.7999958060249763,0.0,324533,0,0,16,1,"[1, 0, 0, 0, 0, 0, 0, 0, 0, 0, 0, 0, 0, 0, 0, 0]","[61.797180151615876, 2.399996049853024, 2.399996049853024, 2.400142716087302, 2.3001367695836645, 2.399996049853024, 2.4998859284634256, 2.3998904913248884, 2.399996049853024, 2.400142716087302, 2.400142716087302, 2.399996049853024, 2.399996049853024, 2.4998859284634256, 2.4998859284634256, 2.4998859284634256]",11381.7,0.9379442438300077
16,2,128,3,23197.6,23161.3,24803.3,8.135142,"[97.30312624241824, 96.70310696445884, 99.76829499258666, 99.56835852967566, 98.79741485681967, 98.96854914094268, 95.00305234357383, 98.79741485681967, 95.79749335307008, 99.19740439065295, 97.30312624241824, 99.36842206676467, 99.16848560385367, 99.39739915756958, 98.76861267803169, 98.86858090948718]",106.39807881224296,162.30263819751278,1574.7587947016154,0.8997140830994789,0.0,711622,0,0,16,2,"[1, 1, 0, 0, 0, 0, 0, 0, 0, 0, 0, 0, 0, 0, 0, 0]","[61.997358304925854, 64.30104520086304, 2.6000422631764213, 2.5998892192388263, 2.5998892192388263, 2.6000422631764213, 2.500040637669636, 2.5998892192388263, 2.500040637669636, 2.6000422631764213, 2.6998849584403195, 2.5998892192388263, 2.6000914194715183, 2.6000914194715183, 2.6000422631764213, 2.6000422631764213]",18876.2,1.2289337896398638
16,4,256,3,49372.3,42608,51850.9,9.291736,"[96.39580136529842, 97.08260980552463, 95.68286053953355, 97.19576652185691, 99.78212624707886, 99.57909444453266, 99.99564456981165, 99.57909444453266, 96.49579700986824, 98.98226952365539, 99.57909444453266, 99.07919939210026, 98.29571861212484, 99.79565328067201, 99.69565763610221, 98.57930433966787]",203.36486545941216,284.301279726258,1572.5698559418215,1.0997691153512643,0.0,1438312,0,0,16,4,"[1, 1, 1, 1, 0, 0, 0, 0, 0, 0, 0, 0, 0, 0, 0, 0]","[62.500312945233304, 71.10032004409759, 62.800314447370425, 60.700303932410584, 2.8000126037056714, 2.800014019946452, 2.8000126037056714, 2.9000130538380167, 2.9000130538380167, 2.8000470021620107, 2.8000470021620107, 2.9000130538380167, 2.800014019946452, 2.8000470021620107, 2.8000126037056714, 2.800014019946452]",26818.2,1.840999768813716
16,8,512,3,92510.8,82810.2,93336.4,9.631821,"[97.39632222734225, 97.28990480038541, 97.7963071235531, 96.19001892905526, 97.68986329905091, 95.79006043038974, 97.48988404971816, 95.19640529818258, 97.7652268838564, 96.38999817838801, 96.09637131465699, 99.19625426029108, 95.36608021185992, 99.59623915650194, 99.68965579237847, 98.28980104704918]",231.36184956871335,332.4944515988398,1560.6380617928216,1.299537780664758,0.0,2686574,0,0,16,8,"[1, 1, 1, 1, 1, 1, 1, 1, 0, 0, 0, 0, 0, 0, 0, 0]","[41.7002634457262, 42.7992857997905, 40.69932084232415, 42.000265341019194, 42.69928746848258, 35.30022301280899, 35.90022680339498, 35.40022364457332, 2.2000138988152913, 2.199963288774278, 2.199963288774278, 2.2999087867704033, 2.3000145305796225, 2.399904820977812, 2.3999599513901217, 2.2999616200822]",31948,2.8956679604357083
16,16,1024,3,146686.1,145796,146728.7,13.240426,"[95.59685739687319, 96.89681466273025, 95.58873923528238, 97.38852721251573, 97.5967916520379, 96.69682123721378, 97.50607687130176, 97.50607687130176, 97.49679493927967, 97.39679822652143, 95.00592105408889, 95.60595845021997, 93.20580886569563, 96.88858610772868, 97.19680480100496, 96.19683767342259]",334.2488347060954,451.4347058050491,1541.449327168201,1.3999539786152977,0.0,4392108,0,0,16,16,"[1, 1, 1, 1, 1, 1, 1, 1, 1, 1, 1, 1, 1, 1, 1, 1]","[29.401450399994598, 29.10223734808801, 27.202091266941373, 27.101336933328355, 28.100387594312572, 27.202091266941373, 27.70038207695581, 27.70038207695581, 30.000413801757194, 29.00222965960661, 28.80142079999471, 28.200388973651762, 26.301297466661836, 28.000386214973382, 29.000400008365286, 26.700368283563904]",30646,4.786468054558507
16,32,2048,3,159301.6,155300.5,159411.8,25.450020000000002,"[94.9981232270065, 97.11464238233077, 96.68378811060991, 96.88375458033195, 95.68395576199967, 96.38383840602684, 96.91461222294389, 97.083721050054, 95.61441618692916, 96.08388870144377, 95.18403958769456, 94.21420507122099, 91.81384315857842, 96.61456698386357, 95.88392223172171, 95.68395576199967]",382.100517830405,464.90234050614475,1538.9419509808765,1.4002111157081676,0.0,4740139,0,0,16,16,"[2, 2, 2, 2, 2, 2, 2, 2, 2, 2, 2, 2, 2, 2, 2, 2]","[31.29965672104274, 29.79967317211098, 28.503883192384375, 27.799695106868633, 29.40014801221909, 27.099702784033813, 26.099713751412636, 27.699696203606518, 33.30016764649305, 31.7001595914063, 30.399666591683687, 26.39971046119899, 25.59971923510205, 29.699674268848863, 30.604169322349538, 28.400142977789873]",28116.2,5.665829664037103
