workers,replicas,flows,flows_per_worker,repeats,rps_median,rps_min,rps_max,p50_us_median,p99_us_median,errors,worker_cpu_pct,dispatcher_cpu_pct,host_client_cpu_pct,host_server_cpu_pct,audited_requests,cross_worker,cross_thread
1,1,1,1.0,3,9914.316216596862,9878.577085298068,9920.693585813826,6455.261,8652.907,0,[99.55792518307429],0.4126510250577147,61.589249347511654,50.26316455824815,1189890,0,0
1,1,2,2.0,3,13317.657113650484,13313.309243095231,13362.234670601196,9713.295,13294.905,0,[99.53787713500672],0.41264515683673647,77.56344666544264,62.55295249653315,1598822,0,0
1,1,4,4.0,3,14510.878711822117,14500.551494535275,14522.465054915006,17696.272,22441.992,0,[99.4901868808998],0.4274551530865727,81.83174226457326,67.09811358468266,1739211,0,0
2,1,2,1.0,3,20836.764613949323,20783.25134502667,20853.718076555186,6207.811,8973.222,0,"[99.93776785468282, 99.45647141506616]",0.5156747567321094,108.72064505329182,87.40934522866525,2484970,0,0
2,1,4,2.0,3,27122.92673028621,27114.227373638172,27151.95819859097,9515.743,13588.911,0,"[99.43371811947162, 99.91507083512607]",0.5501067125434633,135.26245265747923,109.23290904474828,3244283,0,0
2,1,8,4.0,3,29126.478587244892,29062.322289591688,29135.489802779288,17605.816,22719.175,0,"[99.87652707783415, 99.40150778854635]",0.5157135649457874,144.48505974325593,119.1465789074428,3495662,0,0
2,2,2,1.0,3,22955.56928204164,22923.85841389473,23000.752465901962,5611.633,8190.468,0,"[99.88016180145847, 99.4043182338675]",0.5157323328818854,118.98862502297646,113.48038752915915,2737796,0,0
2,2,4,2.0,3,25788.566171418515,25743.07067230888,25836.378801356535,9950.366,13421.384,0,"[99.94169970566504, 99.36071906765712]",0.5500747145822635,129.13348330060884,124.18278583536906,3095512,0,0
2,2,8,4.0,3,25286.536270435827,25285.47550510045,25386.352134389184,20257.976,24215.614,0,"[99.91427616752325, 99.43292728027434]",0.5500958375025571,132.81920819045607,121.53331015239593,3043435,0,0
4,1,4,1.0,3,39616.38958833753,39603.78282540885,39686.761061095654,6481.167,10165.974,0,"[99.96052172762442, 99.96052172762441, 99.9605217276244, 99.48609097144453]",0.5841990811220146,182.01599610293775,143.55779593929716,4697273,0,0
4,1,8,2.0,3,48598.38550736287,48596.24259155569,48661.979516428124,10548.138,15788.596,0,"[99.96605556674183, 99.9718108910912, 99.96605556674183, 99.28448321222496]",0.6405799217519947,218.98389870192486,175.4706134504389,5788000,0,0
4,1,16,4.0,3,50521.42454666539,50494.788147311614,50533.373280664586,20221.912,28131.501,0,"[99.98504073984769, 99.9194632667534, 99.9844143745131, 99.57273129349781]",0.6528232900539883,235.71237119957834,197.84416493120733,6054146,0,0
4,4,4,1.0,3,42305.93918295859,42280.623007550625,42359.50184852901,6052.767,9022.921,0,"[99.34678713918738, 99.89661370239288, 99.82788538199219, 99.79352122179185]",0.6529135823686961,195.24382691674109,219.23681832305894,4968158,0,0
4,4,8,2.0,3,42740.188301016264,42720.54909704174,42789.42357343819,11978.893,15030.377,0,"[99.75414317598883, 99.89159290823272, 99.84163058713551, 99.41051884537917]",0.6528862281583838,128.28005733870873,155.7858321634118,5095885,0,0
4,4,16,4.0,3,43020.87887206693,42998.356833678205,43026.205500824726,23749.069,27110.97,0,"[99.93477273535335, 99.89040421730658, 99.93477273535335, 99.27188778252446]",0.6529438383671643,142.5104344054847,149.73050466486993,5163402,0,0
8,1,8,1.0,3,55239.13628395609,55176.26160544411,55284.59220651199,9239.494,15216.556,0,"[99.9878040339254, 99.98379151570182, 99.98379151570182, 99.98379151570181, 99.9837915157018, 99.97631397755156, 99.7819266062646, 99.70174806206224]",0.8921355198634383,245.62784260426798,198.12207398853576,6534615,0,0
8,1,16,2.0,3,59293.55669490706,59285.77459783491,59307.6290936741,17365.07,24510.64,0,"[99.96631253319165, 100.00062983924491, 99.97764891926836, 99.94736932791967, 99.94736932791967, 99.98168013098453, 99.87472066025744, 99.80610182091684]",0.9265672634384395,169.68132769038695,156.56260897366167,7111187,0,0
8,1,32,4.0,3,56284.78925622007,56271.65006878013,56303.18070614273,36356.51,44652.694,0,"[99.93060060952148, 99.99570862411015, 99.97554207807808, 99.97554207807808, 99.97554207807808, 99.96017354641857, 99.81803323565225, 99.01489857149389]",0.9263348099204214,178.49754714274584,151.7749074235601,6756757,0,0
8,8,8,1.0,3,55668.57096407805,55631.82833468754,55702.65876400438,9189.312,12265.406,0,"[99.7935321168199, 99.75527077853306, 99.54937754679202, 99.75921522131894, 99.75921522131894, 99.5646651091078, 99.53034430072823, 99.690581430317]",0.9265195428346722,159.97023642780914,271.2494034667162,6315279,0,0
8,8,16,2.0,3,55191.836965403,55114.25446521247,55202.10655296708,18548.417,22334.438,0,"[99.68737333161063, 99.79032070510287, 99.85895228743101, 99.7821642430536, 99.87168038968584, 99.82463649626693, 99.68737333161067, 99.7478512567252]",0.9608421525938378,174.6648575768799,256.0102743595632,6308803,0,0
8,8,32,4.0,3,56556.658380242196,56483.91465556525,56571.54721365836,36233.53,41517.295,0,"[99.81569885935446, 99.90050704379881, 99.78138614059907, 99.90050704379881, 99.86620055099529, 99.59174860856729, 99.85001157810981, 99.72897457978128]",0.9607561251501975,199.36265734915193,236.48624313877264,6575552,0,0
