set,case,path,rep,host_tx_msg_s,host_rx_msg_s,host_tx_gbps,host_rx_gbps,rtt_p50_us,rtt_p99_us,failed,dpu_recv_dma_s,dpu_recv_gbps,dpu_sent_push_s,dpu_sent_gbps
ab,echo t1 64B w64,broker,1,27892.0,27892.0,0.01,0.01,32.0,55.0,0,27896.0,0.01,27896.0,0.01
ab,echo t1 64B w64,broker,2,27841.0,27841.0,0.01,0.01,32.0,55.0,0,27838.0,0.01,27838.0,0.01
ab,echo t1 64B w64,broker,3,27825.0,27825.0,0.01,0.01,32.0,55.0,0,27813.0,0.01,27813.0,0.01
ab,echo t1 64B w64,direct,1,27573.0,27573.0,0.01,0.01,33.0,55.0,0,27600.0,0.01,27599.5,0.01
ab,echo t1 64B w64,direct,2,25619.0,25619.0,0.01,0.01,33.0,56.0,0,27568.0,0.01,27568.0,0.01
ab,echo t1 64B w64,direct,3,27499.0,27499.0,0.01,0.01,33.0,56.0,0,27507.0,0.01,27507.0,0.01
ab,echo t1 8192B w262144,broker,1,146290.0,146290.0,9.59,9.59,206.0,327.0,0,292620.0,9.59,150660.0,9.59
ab,echo t1 8192B w262144,broker,2,146280.0,146280.0,9.59,9.59,210.0,324.0,0,292570.5,9.59,154309.0,9.59
ab,echo t1 8192B w262144,broker,3,146273.0,146273.0,9.59,9.59,207.0,326.0,0,292537.0,9.59,151397.5,9.585
ab,echo t1 8192B w262144,direct,1,145974.0,145974.0,9.57,9.57,209.0,325.0,0,291977.5,9.57,153412.0,9.57
ab,echo t1 8192B w262144,direct,2,145837.0,145837.0,9.56,9.56,210.0,326.0,0,291710.5,9.56,153476.5,9.56
ab,echo t1 8192B w262144,direct,3,145928.0,145928.0,9.56,9.56,210.0,324.0,0,291940.0,9.57,153748.5,9.57
ab,echo t4 8192B w262144,broker,1,302968.0,302968.0,19.86,19.86,354.0,567.0,0,606094.0,19.86,304603.0,19.86
ab,echo t4 8192B w262144,broker,2,298970.0,298970.0,19.59,19.59,352.0,559.0,0,608067.0,19.925,305539.5,19.925
ab,echo t4 8192B w262144,broker,3,307106.0,307106.0,20.13,20.13,348.0,557.0,0,614164.0,20.125,308575.5,20.125
ab,echo t4 8192B w262144,direct,1,299091.0,299091.0,19.6,19.6,351.0,562.0,0,606569.0,19.875,305238.5,19.875
ab,echo t4 8192B w262144,direct,2,294830.0,294830.0,19.32,19.32,351.0,568.0,0,608372.0,19.935000000000002,306266.5,19.935000000000002
ab,echo t4 8192B w262144,direct,3,300034.0,300034.0,19.66,19.66,356.0,572.0,0,599229.5,19.634999999999998,301438.5,19.634999999999998
ab,sink t1 64B w262144,broker,1,7698626.0,0.0,3.94,0.0,nan,nan,0,120213.0,3.94,0.0,0.0
ab,sink t1 64B w262144,broker,2,7437509.0,0.0,3.81,0.0,nan,nan,0,116251.0,3.81,0.0,0.0
ab,sink t1 64B w262144,broker,3,7715427.0,0.0,3.95,0.0,nan,nan,0,120613.5,3.95,0.0,0.0
ab,sink t1 64B w262144,direct,1,7497502.0,0.0,3.84,0.0,nan,nan,0,117256.5,3.8449999999999998,0.0,0.0
ab,sink t1 64B w262144,direct,2,7535483.0,0.0,3.86,0.0,nan,nan,0,117670.0,3.86,0.0,0.0
ab,sink t1 64B w262144,direct,3,7547159.0,0.0,3.86,0.0,nan,nan,0,117933.5,3.86,0.0,0.0
ab,sink t1 8192B w262144,broker,1,147455.0,0.0,9.66,0.0,nan,nan,0,294901.5,9.66,0.0,0.0
ab,sink t1 8192B w262144,broker,2,147565.0,0.0,9.67,0.0,nan,nan,0,295081.0,9.67,0.0,0.0
ab,sink t1 8192B w262144,broker,3,147481.0,0.0,9.67,0.0,nan,nan,0,294874.5,9.66,0.0,0.0
ab,sink t1 8192B w262144,direct,1,147122.0,0.0,9.64,0.0,nan,nan,0,294176.5,9.64,0.0,0.0
ab,sink t1 8192B w262144,direct,2,146962.0,0.0,9.63,0.0,nan,nan,0,293885.0,9.63,0.0,0.0
ab,sink t1 8192B w262144,direct,3,146944.0,0.0,9.63,0.0,nan,nan,0,293860.5,9.63,0.0,0.0
baseline,echo t1 64B w64,branch,1,27569.0,27569.0,0.01,0.01,33.0,56.0,0,27560.5,0.01,27560.0,0.01
baseline,echo t1 64B w64,branch,2,27663.0,27663.0,0.01,0.01,33.0,55.0,0,27725.0,0.01,27725.0,0.01
baseline,echo t1 64B w64,grpcall,1,27497.0,27497.0,0.01,0.01,33.0,56.0,0,27485.5,0.01,27485.0,0.01
baseline,echo t1 64B w64,grpcall,2,27584.0,27584.0,0.01,0.01,33.0,55.0,0,27586.0,0.01,27586.0,0.01
baseline,echo t4 8192B w262144,branch,1,304427.0,304427.0,19.95,19.95,349.0,561.0,0,608534.5,19.94,306303.5,19.94
baseline,echo t4 8192B w262144,branch,2,305462.0,305462.0,20.02,20.02,348.0,561.0,0,609626.0,19.979999999999997,306871.0,19.979999999999997
baseline,echo t4 8192B w262144,grpcall,1,303198.0,303198.0,19.87,19.87,352.0,563.0,0,606280.0,19.865000000000002,305046.0,19.87
baseline,echo t4 8192B w262144,grpcall,2,302253.0,302253.0,19.81,19.81,349.0,564.0,0,608024.0,19.925,305857.0,19.925
baseline,sink t1 8192B w262144,branch,1,146975.0,0.0,9.63,0.0,nan,nan,0,293892.0,9.63,0.0,0.0
baseline,sink t1 8192B w262144,branch,2,147046.0,0.0,9.64,0.0,nan,nan,0,294015.5,9.63,0.0,0.0
baseline,sink t1 8192B w262144,grpcall,1,147096.0,0.0,9.64,0.0,nan,nan,0,294139.5,9.64,0.0,0.0
baseline,sink t1 8192B w262144,grpcall,2,147065.0,0.0,9.64,0.0,nan,nan,0,294052.5,9.64,0.0,0.0
