offered_rps,actual_rps,p99_ms,dpu_proxy_cores,dpu_physical_cores,host_app_cores,host_physical_cores,r4_wrk_cores,non2xx,socket_errors,socket_timeout,internal_rpc_errors,threshold_exceeded
1000,974.69,13.42,15.601581262851859,15.938539976241378,2.560342805474505,2.6344174280961123,0.20856782639082416,0,1254,1254,0,False
2000,1936.38,14.68,15.768536971715342,15.989621037265538,4.177658480203259,4.336984725571525,0.3510856164875589,0,217,217,0,False
3000,2907.13,36.26,15.478621344193124,15.961711180049777,5.617580256668429,5.956091294019265,0.44822692495897526,0,41,41,0,False
4000,3896.13,20.82,15.567681920651115,15.961639447923822,6.913927592128304,7.438340680080127,0.5379250133211152,0,7,7,0,False
5000,4886.44,58.49,15.546044428319638,15.940138251531504,7.9363248884488815,8.615491513807877,0.6042894201779625,0,0,0,3,False
6000,5873.06,21.74,15.55223733422024,15.910068421864692,8.946535538569822,9.783123561320634,0.6655276345389809,0,1,1,0,False
7000,6811.87,19.84,15.483673417292417,15.92287042801994,9.62523104749491,10.57394562673,0.7016558878515982,0,0,0,0,False
8000,7898.87,19.97,15.295127107441623,15.9027984131174,10.244575618491387,11.278911973418337,0.7756961586709437,0,0,0,0,False
9000,8807.84,20.94,15.522355766456434,15.916170518550855,10.574999799334678,11.651653402359225,0.7932169435172992,0,0,0,0,False
10000,9735.68,75.2,15.087508960315114,15.840598609471972,10.956846200548842,12.073745202333601,0.8345099972344817,0,0,0,0,False
11000,10750.3,23.23,15.456704010970856,15.892702089118984,11.443869534239127,12.600657694350923,0.8750087333904314,0,0,0,0,False
12000,11682.95,28.94,15.343199662241878,15.867709877947084,11.734550985543457,12.924168334890382,0.9035154589005767,0,0,0,54,False
13000,12760.06,36.48,15.340397265148326,15.86776353171352,12.012844132763156,13.205364644534377,0.9425613934703491,0,0,0,1,False
14000,13637.29,44.8,15.415362692193508,15.87223641511233,12.165298698995452,13.353768141693958,0.9709200570361227,0,0,0,4,False
15000,14684.79,46.46,15.077747454461656,15.822475607096292,12.2526627588934,13.435579828297543,1.0227061900341927,0,0,0,1,False
16000,15679.37,53.53,15.273794475190286,15.841955886851686,12.410128206110683,13.56893277612883,1.04238840305305,0,0,0,2,False
17000,16634.56,162.3,15.07375421785889,15.822164772682907,12.470670492267299,13.61899683313945,1.0566598552559436,0,0,0,37,False
18000,17541.45,73.41,15.384062043227129,15.85631902695005,12.739597555332374,13.884183501316826,1.1082767502037214,0,0,0,43,False
19000,18607.66,82.18,15.331613581237937,15.837451321188762,12.995804745273743,14.159896750598062,1.1496048390649902,0,0,0,9,False
20000,19584.18,123.26,15.270045403068663,15.84135990349808,13.216607534889617,14.36973667058812,1.1876770079885675,0,0,0,8,False
21000,20515.16,183.81,15.331826910840947,15.841978751590247,13.350331930175207,14.499637276097067,1.2210797591942006,0,0,0,159,False
22000,21483.86,1140.0,15.010618711779186,15.809176859074869,13.390610124366027,14.582426687677266,1.2508907093555404,0,0,0,212,False
23000,22125.06,1360.0,15.324099968421237,15.832076201554587,13.556264798098638,14.761617743894053,1.25687421227055,0,0,0,210,False
24000,21827.67,3580.0,14.872039460407407,15.763221218633298,13.30962893574367,14.542339036704004,1.287542663968172,0,0,0,85,False
25000,23424.17,2890.0,15.347884492605436,15.840281748679176,13.757036214801444,14.9608411290763,1.3423057215360192,0,0,0,135,False
26000,23356.12,3950.0,15.267849996689131,15.823379918940882,13.67420056214117,14.887657389085792,1.382842052410571,0,0,0,73,False
27000,23323.41,4280.0,15.384643866147862,15.84530813623343,13.692998232993743,14.914583565003058,1.388120059413298,0,0,0,17,False
28000,23543.35,5150.0,15.381094228146637,15.848405607032197,13.711266886743333,14.924680876674019,1.4226017829123385,0,0,0,2,True
