case,rate,rps,host_service_cpu,host_service_cpu_us_per_http,infra_cpu,max_frontend_p99_ms,loadgen_cpu_pct,n,http_ok,rps_min,rps_max,cpu_min,cpu_max,rpc_errors
tcp-oldspec-v2,14000,13993.73,1401.98885624532,1001.8693059286696,59.687097773824874,17.84,69.23158871990552,1,True,13993.73,13993.73,1401.98885624532,1401.98885624532,0
tcp-oldspec-v2,18000,17924.99,1431.1388613885065,798.4042732456231,68.06911791498143,45.92,59.322190141658396,1,True,17924.99,17924.99,1431.1388613885065,1431.1388613885065,32
current-oldspec-v2,14000,9099.9,1490.8420146856652,1638.305931587891,34.37887286348849,11670.0,59.054158390243735,1,True,9099.9,9099.9,1490.8420146856652,1490.8420146856652,0
current-oldspec-v2,18000,9176.82,1493.6720644141722,1627.6575811819043,33.739289024737914,15200.0,62.584561500336754,1,True,9176.82,9176.82,1493.6720644141722,1493.6720644141722,0
tuned-oldspec-v2,14000,12622.57,1137.6803160957634,901.3064028131859,66.4875915247754,4680.0,35.35979420988092,1,True,12622.57,12622.57,1137.6803160957634,1137.6803160957634,21
tuned-oldspec-v2,18000,13152.49,1150.0172605376727,874.3722751643777,66.61973448472139,10540.0,66.53273773573116,1,True,13152.49,13152.49,1150.0172605376727,1150.0172605376727,0
fixed-oldspec,14000,13315.81,1270.6080592134497,954.2101150537967,59.19537134745653,3650.0,54.30597027763198,1,True,13315.81,13315.81,1270.6080592134497,1270.6080592134497,13
fixed-oldspec,18000,13017.489999999998,1266.2347595198155,972.7180581815816,57.740197045424125,10360.0,62.1429573144418,1,True,13017.489999999998,13017.489999999998,1266.2347595198155,1266.2347595198155,0
fixed-go-timer,14000,13030.720000000001,1117.5664580711648,857.6398373007514,65.64192670617912,4470.0,57.79782339902003,1,True,13030.720000000001,13030.720000000001,1117.5664580711648,1117.5664580711648,11
fixed-go-timer,18000,13364.880000000001,1124.3704726531646,841.287368575823,65.2679561218363,10770.0,70.50582376541593,1,True,13364.880000000001,13364.880000000001,1124.3704726531646,1124.3704726531646,0
fixed-spread,14000,13980.41,1165.448798351868,833.629913823606,67.25754901159036,483.07,66.96553863798091,1,True,13980.41,13980.41,1165.448798351868,1165.448798351868,37
fixed-spread,18000,16788.16,1208.2200218696444,719.6857915755178,72.65585864551419,3690.0,77.05664018250259,1,True,16788.16,16788.16,1208.2200218696444,1208.2200218696444,2
final-spread,14000,13931.150000000001,1170.9908943463176,840.5558007388604,66.9188299113455,372.22,63.430040358810494,3,True,13930.34,13932.650000000001,1170.4945579193502,1177.0019917538618,108
final-spread,18000,17059.629999999997,1212.9105110587632,710.982894153486,72.81444579143769,3320.0,71.50127105306348,3,True,16855.32,17098.89,1205.3948383659779,1213.707614030061,18
final-spread,24000,16998.95,1207.0926531465307,710.0983608673068,72.31959394148606,9540.0,80.41552801691577,1,True,16998.95,16998.95,1207.0926531465307,1207.0926531465307,0
