mode,tag,service,replica0_calls,replica1_calls,replica2_calls,replica3_calls
dmesh,warmup,attractions,0,0,0,0
dmesh,warmup,geo,0,0,0,23825
dmesh,warmup,user,0,0,0,384
dmesh,warmup,profile,0,0,0,39021
dmesh,warmup,recommendation,0,0,0,15247
dmesh,warmup,reservation,0,0,0,23967
dmesh,warmup,search,0,0,0,23825
dmesh,warmup,rate,0,0,0,23799
dmesh,warmup,review,0,0,0,0
dmesh,r4000,attractions,0,0,0,0
dmesh,r4000,geo,0,0,0,71104
dmesh,r4000,user,0,0,0,1176
dmesh,r4000,profile,0,0,0,117434
dmesh,r4000,recommendation,0,0,0,46396
dmesh,r4000,reservation,0,0,0,71616
dmesh,r4000,search,0,0,0,71104
dmesh,r4000,rate,0,0,0,71095
dmesh,r4000,review,0,0,0,0
dmesh,r8000,attractions,0,0,0,0
dmesh,r8000,geo,0,0,0,100877
dmesh,r8000,user,0,0,0,1775
dmesh,r8000,profile,0,0,0,166428
dmesh,r8000,recommendation,0,0,0,65694
dmesh,r8000,reservation,0,0,0,101663
dmesh,r8000,search,0,0,0,100877
dmesh,r8000,rate,0,0,0,100793
dmesh,r8000,review,0,0,0,0
tcp,warmup,attractions,0,0,0,0
tcp,warmup,geo,5827,5828,5826,5826
tcp,warmup,user,105,105,105,105
tcp,warmup,profile,9749,9749,9747,9748
tcp,warmup,recommendation,3932,3933,3932,3933
tcp,warmup,reservation,5874,5874,5875,5873
tcp,warmup,search,5826,5827,5826,5828
tcp,warmup,rate,5827,5828,5827,5825
tcp,warmup,review,0,0,0,0
tcp,r4000,attractions,0,0,0,0
tcp,r4000,geo,17885,17884,17886,17886
tcp,r4000,user,291,293,292,293
tcp,r4000,profile,29581,29582,29582,29581
tcp,r4000,recommendation,11697,11696,11696,11696
tcp,r4000,reservation,18029,18029,18028,18031
tcp,r4000,search,17886,17885,17886,17884
tcp,r4000,rate,17885,17884,17885,17887
tcp,r4000,review,0,0,0,0
tcp,r8000,attractions,0,0,0,0
tcp,r8000,geo,35870,35871,35870,35869
tcp,r8000,user,594,594,595,594
tcp,r8000,profile,59117,59116,59116,59117
tcp,r8000,recommendation,23251,23251,23251,23251
tcp,r8000,reservation,36158,36158,36157,36157
tcp,r8000,search,35870,35871,35869,35870
tcp,r8000,rate,35871,35872,35869,35868
tcp,r8000,review,0,0,0,0
