kind,run,mode,users,service,rate_per_s,p50,p95,p99,unit,failures,host_cores,host_ms_per_page,proxy_rpc_per_s,note
locust,tcp-r1,tcp,8,,685,11,18,25,ms,0,6.37,9.3,,
locust,tcp-r1,tcp,32,,1414,21,37,48,ms,16,11.33,8.0,,
locust,tcp-r1,tcp,128,,1556,87,110,120,ms,6,11.54,7.4,,
m1,tcp-r1,tcp,,currency,2034,460,,1115,us,0,,,,
m1,tcp-r1,tcp,,payment,2133,409,,1106,us,0,,,,
m1,tcp-r1,tcp,,cart,6150,100,,562,us,0,,,,
m1,tcp-r1,tcp,,ad,3342,222,,1167,us,0,,,,
m1,tcp-r1,tcp,,email,1112,908,,1590,us,0,,,,
m1,tcp-r1,tcp,,recommendation,1106,884,,1587,us,0,,,,
m1,tcp-r1,tcp,,productcatalog,2578,347,,867,us,0,,,,
m1,tcp-r1,tcp,,shipping,2510,369,,862,us,0,,,,
m1,tcp-r1,tcp,,checkout,2526,360,,881,us,0,,,,
m64,tcp-r1,tcp,,currency,8690,7546,,17285,us,0,,,,
m64,tcp-r1,tcp,,payment,9576,6658,,21669,us,0,,,,
m64,tcp-r1,tcp,,cart,44029,1189,,4049,us,0,,,,
m64,tcp-r1,tcp,,ad,38298,1479,,3973,us,0,,,,
m64,tcp-r1,tcp,,email,3628,17451,,23256,us,0,,,,
m64,tcp-r1,tcp,,recommendation,3494,18071,,24709,us,0,,,,
m64,tcp-r1,tcp,,productcatalog,33664,1590,,4844,us,0,,,,
m64,tcp-r1,tcp,,shipping,34558,1582,,4370,us,0,,,,
m64,tcp-r1,tcp,,checkout,31404,1738,,5505,us,0,,,,
locust,hostproxy-r1,hostproxy,8,,582,13,21,26,ms,8,4.68,8.0,7901,
locust,hostproxy-r1,hostproxy,32,,621,56,72,81,ms,8,4.73,7.6,8411,
locust,hostproxy-r1,hostproxy,128,,605,240,270,280,ms,0,4.75,7.8,8192,
m1,hostproxy-r1,hostproxy,,currency,4975,155,,585,us,0,,,,
m1,hostproxy-r1,hostproxy,,payment,4406,164,,825,us,0,,,,
m1,hostproxy-r1,hostproxy,,cart,2642,329,,1042,us,0,,,,
m1,hostproxy-r1,hostproxy,,ad,4328,154,,921,us,0,,,,
m1,hostproxy-r1,hostproxy,,email,795,1260,,2347,us,0,,,,
m1,hostproxy-r1,hostproxy,,recommendation,578,1743,,2448,us,0,,,,
m1,hostproxy-r1,hostproxy,,productcatalog,4423,162,,668,us,0,,,,
m1,hostproxy-r1,hostproxy,,shipping,4427,159,,704,us,0,,,,
m1,hostproxy-r1,hostproxy,,checkout,4020,178,,767,us,0,,,,
m64,hostproxy-r1,hostproxy,,currency,17797,3439,,8333,us,0,,,,
m64,hostproxy-r1,hostproxy,,payment,18100,3380,,8598,us,0,,,,
m64,hostproxy-r1,hostproxy,,cart,29072,2016,,4996,us,0,,,,
m64,hostproxy-r1,hostproxy,,ad,31690,1911,,3602,us,0,,,,
m64,hostproxy-r1,hostproxy,,email,2199,23824,,60046,us,0,,,,
m64,hostproxy-r1,hostproxy,,recommendation,2139,26901,,55588,us,0,,,,
m64,hostproxy-r1,hostproxy,,productcatalog,26061,2274,,4599,us,0,,,,
m64,hostproxy-r1,hostproxy,,shipping,26736,2198,,4445,us,0,,,,
m64,hostproxy-r1,hostproxy,,checkout,24236,2468,,5178,us,0,,,,
locust,preload-r1,preload,8,,186,39,64,75,ms,4,6.26,33.7,2520,
locust,preload-r1,preload,32,,380,75,130,150,ms,8,8.35,22.0,5142,
locust,preload-r1,preload,128,,495,230,320,360,ms,0,1.80,3.6,593,"DPA crash, cut short (1795 requests)"
locust,native-r1,native,8,,184,39,64,75,ms,0,6.46,35.2,2491,
locust,native-r1,native,32,,382,75,130,150,ms,4,7.88,20.7,4705,
locust,native-r1,native,128,,0,N/A,N/A,N/A,ms,0,1.44,,,"DPA crash, no requests"
locust,preload-r1b,preload,8,,190,38,62,73,ms,0,6.40,33.7,2557,
locust,preload-r1b,preload,32,,386,75,120,140,ms,4,6.20,16.1,3600,"DPA crash, cut short (10705 requests)"
locust,preload-r1b,preload,128,,0,N/A,N/A,N/A,ms,0,1.40,,,"DPA crash, no requests"
locust,native-r1b,native,8,,184,39,64,75,ms,0,6.48,35.3,2499,
locust,native-r1b,native,32,,378,75,120,150,ms,4,4.10,10.8,1873,"DPA crash, cut short (5580 requests)"
locust,native-r1b,native,128,,0,N/A,N/A,N/A,ms,0,1.72,,,"DPA crash, no requests"
m1,m1-preload-r1,preload,,currency,764,1328,,1655,us,0,,,,
m1,m1-preload-r1,preload,,payment,639,1610,,2113,us,0,,,,
m1,m1-preload-r1,preload,,cart,690,1428,,1961,us,0,,,,
m1,m1-preload-r1,preload,,ad,590,1620,,2999,us,0,,,,
m1,m1-preload-r1,preload,,email,551,1830,,2687,us,0,,,,
m1,m1-preload-r1,preload,,recommendation,528,1876,,2755,us,0,,,,
m1,m1-preload-r1,preload,,productcatalog,832,1202,,1559,us,0,,,,
m1,m1-preload-r1,preload,,shipping,930,1068,,1470,us,0,,,,
m1,m1-preload-r1,preload,,checkout,870,1152,,1496,us,0,,,,
m1,m1-native-r1,native,,currency,732,1386,,1681,us,0,,,,
m1,m1-native-r1,native,,payment,768,1310,,1652,us,0,,,,
m1,m1-native-r1,native,,cart,753,1319,,1792,us,0,,,,
m1,m1-native-r1,native,,ad,475,2062,,3238,us,0,,,,
m1,m1-native-r1,native,,email,586,1711,,2511,us,0,,,,
m1,m1-native-r1,native,,recommendation,632,1588,,2182,us,0,,,,
m1,m1-native-r1,native,,productcatalog,858,1163,,1522,us,0,,,,
m1,m1-native-r1,native,,shipping,907,1107,,1402,us,0,,,,
m1,m1-native-r1,native,,checkout,811,1233,,1605,us,0,,,,
locust,bp0-preload-r1,preload,8,,139,52,86,100,ms,0,5.90,42.3,1893,dpu busy poll off
locust,bp0-preload-r1,preload,32,,255,110,190,220,ms,0,7.16,28.0,3450,dpu busy poll off
locust,bp0-preload-r1,preload,64,,355,160,270,310,ms,0,7.53,21.2,4821,dpu busy poll off
locust,bp0-preload-r2,preload,8,,142,51,83,97,ms,0,5.75,40.4,1927,dpu busy poll off
locust,bp0-preload-r2,preload,32,,254,110,190,220,ms,4,7.03,27.6,3435,dpu busy poll off
locust,bp0-preload-r2,preload,64,,353,170,270,310,ms,8,7.60,21.5,4773,dpu busy poll off
locust,hostproxy-r2,hostproxy,8,,588,13,21,26,ms,4,4.78,8.1,7948,
locust,hostproxy-r2,hostproxy,32,,615,56,73,82,ms,4,4.94,8.0,8346,
locust,hostproxy-r2,hostproxy,128,,611,240,270,280,ms,8,4.79,7.8,8244,
m1,hostproxy-r2,hostproxy,,currency,5285,148,,585,us,0,,,,
m1,hostproxy-r2,hostproxy,,payment,4019,176,,931,us,0,,,,
m1,hostproxy-r2,hostproxy,,cart,2940,278,,1032,us,0,,,,
m1,hostproxy-r2,hostproxy,,ad,4135,158,,974,us,0,,,,
m1,hostproxy-r2,hostproxy,,email,663,1524,,2296,us,0,,,,
m1,hostproxy-r2,hostproxy,,recommendation,598,1689,,2465,us,0,,,,
m1,hostproxy-r2,hostproxy,,productcatalog,4242,168,,722,us,0,,,,
m1,hostproxy-r2,hostproxy,,shipping,4374,160,,715,us,0,,,,
m1,hostproxy-r2,hostproxy,,checkout,3966,181,,766,us,0,,,,
m64,hostproxy-r2,hostproxy,,currency,18112,3364,,7799,us,0,,,,
m64,hostproxy-r2,hostproxy,,payment,18030,3381,,9196,us,0,,,,
m64,hostproxy-r2,hostproxy,,cart,28815,2087,,4552,us,0,,,,
m64,hostproxy-r2,hostproxy,,ad,29112,2015,,4119,us,0,,,,
m64,hostproxy-r2,hostproxy,,email,2016,31274,,57266,us,0,,,,
m64,hostproxy-r2,hostproxy,,recommendation,2201,26983,,52624,us,0,,,,
m64,hostproxy-r2,hostproxy,,productcatalog,25568,2311,,4741,us,0,,,,
m64,hostproxy-r2,hostproxy,,shipping,26946,2192,,4422,us,0,,,,
m64,hostproxy-r2,hostproxy,,checkout,24150,2513,,5065,us,0,,,,
m1,m1-native-r2,native,,currency,633,1660,,2245,us,0,,,,
m1,m1-native-r2,native,,payment,743,1335,,1851,us,0,,,,
m1,m1-native-r2,native,,cart,994,1010,,1297,us,0,,,,
m1,m1-native-r2,native,,ad,493,1975,,3344,us,0,,,,
m1,m1-native-r2,native,,email,739,1336,,1964,us,0,,,,
m1,m1-native-r2,native,,recommendation,640,1547,,2425,us,0,,,,
m1,m1-native-r2,native,,productcatalog,986,1012,,1366,us,0,,,,
m1,m1-native-r2,native,,shipping,950,1041,,1393,us,0,,,,
m1,m1-native-r2,native,,checkout,915,1082,,1432,us,0,,,,
m1,m1-preload-r2,preload,,currency,820,1223,,1589,us,0,,,,
m1,m1-preload-r2,preload,,payment,878,1151,,1501,us,0,,,,
m1,m1-preload-r2,preload,,cart,869,1146,,1525,us,0,,,,
m1,m1-preload-r2,preload,,ad,763,1228,,2098,us,0,,,,
m1,m1-preload-r2,preload,,email,462,2134,,2966,us,0,,,,
m1,m1-preload-r2,preload,,recommendation,604,1665,,2313,us,0,,,,
m1,m1-preload-r2,preload,,productcatalog,858,1162,,1537,us,0,,,,
m1,m1-preload-r2,preload,,shipping,908,1092,,1470,us,0,,,,
m1,m1-preload-r2,preload,,checkout,895,1113,,1482,us,0,,,,
locust,native-r2,native,8,,188,39,63,73,ms,0,6.54,34.9,2523,
locust,native-r2,native,32,,382,76,120,150,ms,0,8.51,22.3,5178,
locust,native-r2,native,128,,507,230,370,430,ms,0,8.47,16.7,6849,
m1,native-r2,native,,currency,658,1587,,1958,us,0,,,,
m1,native-r2,native,,payment,0,0,,0,us,1,,,,"DPA crash, no calls"
m1,native-r2,native,,cart,0,0,,0,us,1,,,,"DPA crash, no calls"
m1,native-r2,native,,ad,0,0,,0,us,1,,,,"DPA crash, no calls"
m1,native-r2,native,,email,0,0,,0,us,1,,,,"DPA crash, no calls"
m1,native-r2,native,,recommendation,0,0,,0,us,1,,,,"DPA crash, no calls"
m1,native-r2,native,,productcatalog,0,0,,0,us,1,,,,"DPA crash, no calls"
m1,native-r2,native,,shipping,0,0,,0,us,1,,,,"DPA crash, no calls"
m1,native-r2,native,,checkout,0,0,,0,us,1,,,,"DPA crash, no calls"
locust,preload-r2,preload,8,,187,38,64,76,ms,0,6.30,33.6,2550,
locust,preload-r2,preload,32,,387,74,120,140,ms,0,3.55,9.2,1689,"DPA crash, cut short (5023 requests)"
locust,preload-r2,preload,128,,0,N/A,N/A,N/A,ms,0,1.42,,,"DPA crash, no requests"
locust,tcp-r2,tcp,8,,688,11,17,22,ms,4,6.48,9.4,,
locust,tcp-r2,tcp,32,,1427,20,36,47,ms,16,11.43,8.0,,
locust,tcp-r2,tcp,128,,1581,86,100,120,ms,12,11.69,7.4,,
m1,tcp-r2,tcp,,currency,1942,496,,1133,us,0,,,,
m1,tcp-r2,tcp,,payment,1964,464,,1195,us,0,,,,
m1,tcp-r2,tcp,,cart,2148,432,,1114,us,0,,,,
m1,tcp-r2,tcp,,ad,2677,283,,1290,us,0,,,,
m1,tcp-r2,tcp,,email,913,1078,,2081,us,0,,,,
m1,tcp-r2,tcp,,recommendation,1210,811,,1381,us,0,,,,
m1,tcp-r2,tcp,,productcatalog,2371,420,,881,us,0,,,,
m1,tcp-r2,tcp,,shipping,2614,344,,848,us,0,,,,
m1,tcp-r2,tcp,,checkout,2453,378,,876,us,0,,,,
m64,tcp-r2,tcp,,currency,8601,7758,,12434,us,0,,,,
m64,tcp-r2,tcp,,payment,8533,7795,,16536,us,0,,,,
m64,tcp-r2,tcp,,cart,41356,1329,,4076,us,0,,,,
m64,tcp-r2,tcp,,ad,37778,1544,,3923,us,0,,,,
m64,tcp-r2,tcp,,email,3620,17406,,23468,us,0,,,,
m64,tcp-r2,tcp,,recommendation,3546,17764,,25149,us,0,,,,
m64,tcp-r2,tcp,,productcatalog,33080,1612,,6439,us,0,,,,
m64,tcp-r2,tcp,,shipping,36124,1468,,4144,us,0,,,,
m64,tcp-r2,tcp,,checkout,29669,1805,,13560,us,0,,,,
