mode,workers,rate,repeat,ok,rps,p50_ms,p95_ms,p99_ms,non2xx,socket_errors,host_cpu,loadgen_cpu,dpu_cpu,shard_cpu,arm_busy
tcp,0,500,1,True,500.51,3.04,4.775,5.58,0,,159.78735205306666,,,,
tcp,0,500,2,True,500.5,2.99,4.803,5.7,0,,158.9078633381528,,,,
tcp,0,500,3,True,500.49,3.03,4.847,5.8,0,,158.88968312581088,,,,
tcp,0,2000,1,True,1996.61,2.4,3.721,4.4,0,,515.5059441033403,,,,
tcp,0,2000,2,True,1996.71,2.36,3.683,4.4,0,,516.4730461710108,,,,
tcp,0,2000,3,True,1996.86,2.38,3.725,4.39,0,,517.0825251486015,,,,
tcp,0,5000,1,True,4988.56,2.47,4.025,5.06,0,,857.8541183086563,,,,
tcp,0,5000,2,True,4908.43,2.54,4.183,5.15,0,,836.8879617545848,,,,
tcp,0,5000,3,True,4906.11,2.6,4.639,5.7,0,,819.6129325119617,,,,
dmesh,1,500,1,True,500.34,8.32,11.615,12.8,0,,502.6730106663936,4.045177762168883,99.963750103666,[99.89260152707976],[99.92887624466572]
dmesh,1,500,2,True,500.14,8.06,11.351,12.49,0,,492.9498503784001,4.014592093228735,99.9543313813536,[99.9543313813536],[100.0]
dmesh,1,500,3,True,500.35,8.18,12.111,13.17,0,,501.06444435861914,4.097696381190034,100.03121652924115,[100.03121652924115],[100.0]
dmesh,1,2000,1,True,1994.21,22.59,28.943,32.29,0,,828.977042436683,8.655512409144139,100.0311893807473,[99.88889750396105],[100.0]
dmesh,1,2000,2,True,1994.19,22.24,28.495,31.26,0,,827.146574383421,8.692999269404574,99.96515077094746,[99.96515077094746],[100.0]
dmesh,1,2000,3,True,1994.22,22.06,28.159,30.45,0,,828.797287047264,8.752931939041776,99.96579855044602,[100.0369485850015],[100.0]
dmesh,1,5000,1,True,2482.24,6280.0,7426.047,7590.0,0,,785.6338848505682,8.60245163823463,99.96228164960813,[100.03342918103134],[100.0]
dmesh,1,5000,2,True,2474.19,6090.0,7229.439,7430.0,0,,783.7686719584694,8.53658147706663,99.95843606443786,[99.95843606443786],[100.0]
dmesh,1,5000,3,True,2472.76,6310.0,7434.239,7610.0,0,,782.964055757791,8.463891982293463,100.02986081933619,[99.95871582586582],[100.0]
dmesh,2,500,1,True,500.43,4.45,6.075,7.08,0,,482.0711859827756,4.076476654028971,199.82945069017723,"[99.87915584514376, 99.87915584514376]","[100.0, 100.0]"
dmesh,2,500,2,True,500.41,4.42,6.123,6.93,0,,480.8659112867519,4.095127517191477,199.8263258236289,"[99.94873185553529, 99.87759396809363]","[100.0, 100.0]"
dmesh,2,500,3,True,500.52,4.45,6.135,6.94,0,,479.7992237888582,4.114795383347041,199.95657914802698,"[99.94272276875769, 99.87158915824612]","[100.0, 100.0]"
dmesh,2,2000,1,True,1996.14,8.14,13.383,15.59,0,,852.7821629145433,8.746363683122539,199.15129427682137,"[99.57564713841069, 99.57564713841069]","[99.92852037169406, 99.92846924177397]"
dmesh,2,2000,2,True,1996.35,8.14,13.431,15.46,0,,850.660873442864,8.789936260803769,199.182351869287,"[99.66231248888253, 99.5911759346435]","[99.92857142857143, 99.92857142857143]"
dmesh,2,2000,3,True,1995.94,8.16,13.103,15.23,0,,850.6245371011404,8.81607109735901,199.19439921524804,"[99.59719960762402, 99.66834046448662]","[99.92846924177397, 99.92857142857143]"
dmesh,2,5000,1,True,4422.04,1430.0,1813.503,1940.0,0,,880.3437910468424,12.78101721491231,198.82777854335006,"[99.30718384490758, 99.52059469844248]","[99.85652797704448, 99.85693848354794]"
dmesh,2,5000,2,True,4447.31,1360.0,1723.391,1830.0,0,,881.6844372103797,12.918282908982922,198.76702814384788,"[99.24123273466994, 99.52579540917795]","[99.85652797704448, 99.92841803865426]"
dmesh,2,5000,3,True,4406.02,1490.0,1864.703,2009.9999999999998,0,,874.0828338951851,12.747206458032755,198.17955582843445,"[99.37128296510988, 98.80827286332456]","[99.85805535841023, 99.2226148409894]"
dmesh,4,500,1,True,500.44,3.69,5.071,5.68,0,,460.83401549779575,4.17833480464391,399.6915117016718,"[99.81623664694898, 99.88733083259496, 100.0295192038869, 99.95842501824093]","[100.0, 99.92892679459844, 100.0, 100.0]"
dmesh,4,500,2,True,500.39,3.73,5.051,5.53,0,,465.28000392675267,4.258272918601895,399.7186942121218,"[99.82302502202401, 99.96522306336593, 99.89412404269497, 100.03632208403688]","[100.0, 100.0, 100.0, 100.0]"
dmesh,4,500,3,True,500.46,3.74,5.127,5.81,0,,463.2866783270017,4.233211369833372,399.75438825549725,"[99.83216618308212, 99.97407402413839, 99.97407402413839, 100.04502794466651]","[99.92897727272727, 100.0, 99.92912827781714, 100.0]"
dmesh,4,2000,1,True,1996.1,6.03,10.935,14.14,0,,847.3787318802705,8.81553192933373,396.38611125614244,"[97.97669261183216, 99.75420880580589, 98.75879973718061, 99.96751074908275]","[98.56733524355302, 100.0, 98.86039886039886, 100.0]"
dmesh,4,2000,2,True,1996.44,5.96,10.663,12.73,0,,850.5521651621644,8.721999845170657,398.87259462183056,"[99.2383072700188, 99.80700817127965, 99.80700817127965, 99.87809578393725]","[99.85642498205313, 99.92872416250891, 100.0, 100.0]"
dmesh,4,2000,3,True,1996.58,5.96,10.591,12.73,0,,853.0392067520833,8.842013733927548,398.71613687008283,"[99.25244776580521, 99.7501319594733, 99.89232744337846, 99.96342518533103]","[99.85642498205313, 100.0, 99.92887624466572, 99.92887624466572]"
dmesh,4,5000,1,True,4978.29,46.43,222.591,269.05,0,,920.4010454844648,14.287818336026893,394.55704358091407,"[96.92609915720934, 97.91514098534412, 99.82257879674692, 99.75193295188016]","[98.058950395399, 98.22820694542878, 99.92922859164898, 99.85865724381625]"
dmesh,4,5000,2,True,4901.61,18.16,44.767,62.17,0,,940.3032405750736,14.327667804720685,397.8635844325566,"[98.54162402135873, 99.53699396096842, 99.75028751945621, 99.96358107794399]","[99.78308026030369, 99.92857142857143, 99.92872416250891, 100.0]"
dmesh,4,5000,3,True,4980.92,17.52,41.791,56.96,0,,944.7058839832032,14.443838750898765,397.8697413292077,"[98.66771501964273, 99.52075001981254, 99.734008769855, 99.94726751989745]","[99.78308026030369, 99.92857142857143, 99.92877492877493, 100.0]"
