tag,offered_rps,actual_rps,p99_ms,http_ok,socket_errors,internal_rpc_errors
warmup,5000,4790.77,15.14,False,6,0
r10000,10000,9734.88,31.39,True,0,0
r11000,11000,10752.85,37.25,True,0,5
r12000,12000,11733.39,46.53,True,0,9
r13000,13000,12653.03,60.61,True,0,18
r14000,14000,13622.48,92.42,True,0,34
r15000,15000,14659.47,171.01,True,0,71
r16000,16000,15434.88,1560.0,True,0,205
r17000,17000,15595.87,3560.0,True,0,135
r18000,18000,15676.53,4670.0,True,0,66
r19000,19000,15725.61,5890.0,True,0,28
confirm-r18000-2,18000,15575.79,5260.0,True,0,58
