tag,offered_rps,W0_cpu_pct,W1_cpu_pct,W2_cpu_pct,W3_cpu_pct,W4_cpu_pct,W5_cpu_pct,W6_cpu_pct,W7_cpu_pct,W8_cpu_pct,W9_cpu_pct,W10_cpu_pct,W11_cpu_pct,W12_cpu_pct,W13_cpu_pct,W14_cpu_pct,W15_cpu_pct
r1000,1000,95.95337599068517,96.00786399522276,99.05919224932745,96.17132800883552,98.73226422210195,98.45982419941403,98.51431220395162,98.5688002084892,98.67777621756437,98.51431220395162,94.10078383640733,99.38612027655296,98.84124023117712,98.95021624025229,97.9149441540382,97.37006410866236
r2000,2000,96.15890104482853,95.56466064511329,98.37379708013076,93.83596130048717,95.88879177223069,94.4302017002024,96.10487919030896,98.26575337109162,98.1577096620525,96.6991195900242,91.9992182468219,98.64390635272859,97.45542555329813,98.91401562532643,98.37379708013076,97.61749111685683
r3000,3000,97.22392296923466,92.21574776589223,98.36709339608457,96.24406260336332,97.76828983916319,98.63927683104883,97.00617622126326,99.18364370097736,96.89730284727754,98.36709339608457,94.28434187162063,98.47596677007027,98.85702357902024,99.29251707496306,97.49610640419893,97.11504959524896
r4000,4000,98.11199437910311,94.76082273714741,96.82308220912016,96.87463869591947,98.11199437910311,98.31822032630039,98.67911573389561,98.98845465469154,94.50304030315083,98.52444627349766,97.85421194510653,98.31822032630039,98.16355086590244,98.57600276029699,98.8853416810929,98.83378519429357
r5000,5000,96.29253147474208,95.26100998063664,94.84840138299447,95.518890354163,96.13780325062626,95.82834680239463,96.70514007238424,97.1693247447317,93.19796699242578,97.22090081943696,93.66215166477322,95.93149895180517,97.63350941707914,96.03465110121572,96.18937932533153,96.70514007238424
r6000,6000,96.33136837374177,96.38296525021404,96.48615900315859,95.97019023843582,97.05372464435365,97.72448403849326,96.33136837374177,96.74414338551999,94.73186520310117,97.05372464435365,96.12498086785266,94.16429956190612,97.05372464435365,97.00212776788138,96.02178711490811,93.18395890893285
r7000,7000,95.99014048788437,94.95798843962754,94.64834282515051,94.95798843962754,95.11281124686607,94.49352001791198,95.62888727099448,94.64834282515051,92.06796270450845,95.31924165651743,95.06120364445323,96.14496329512289,95.42245686134312,96.86746972890266,95.21602645169175,96.45460890959994
r8000,8000,96.68479382079893,96.35815600383677,96.73923345695928,96.30371636767642,97.1203109100818,97.17475054624217,98.10022436096828,97.44694872704396,92.60182110877194,95.70488036991244,97.28362981856289,97.01143163776109,96.52147491231784,95.81375964223317,97.77358654400612,96.84811272928
r9000,9000,95.92921431738624,94.56813011878542,96.14698778916238,95.98365768533027,96.41920462888254,96.74586483654674,97.23585514804304,97.29029851598708,92.77149897663233,97.45362861981917,96.09254442121835,94.18702654317718,96.69142146860271,97.23585514804304,97.181411780099,96.41920462888254
r10000,10000,95.8586371112547,95.70394323748721,96.11646023420052,96.0133309850222,94.67265074570395,96.83836497844881,96.271154107968,96.58054185550299,93.28040588179653,97.30244659975128,94.62108612111477,96.78680035385965,97.35401122434044,96.73523572927047,97.19931735057294,96.16802485878968
r11000,11000,95.33413165940114,94.71507885641802,95.23095619223729,95.23095619223729,95.95318446238427,96.7785881996951,96.7785881996951,96.15953539671197,97.13970233476859,97.44922873626015,91.15552523926505,95.59207032731078,95.48889486014693,97.39764100267823,96.88176366685896,96.67541273253124
r12000,12000,93.7291312640098,92.09621956951486,91.49748528153337,93.4025489251108,94.21900477235828,95.14432139923875,94.70887828070677,94.32786555199128,95.03546061960576,94.87216945015626,90.5721686546529,95.68862529740373,94.27343516217478,93.6202704843768,94.27343516217478,95.19875178905525
r13000,13000,95.8515855929779,95.47057417949077,95.8515855929779,94.7085513525165,95.03513256407689,96.72246882380564,95.30728357371056,95.96044599683137,96.8313292276591,97.04905003536604,90.62628620801146,96.9946198334393,95.52500438141749,96.5047480160987,95.8515855929779,94.16424933324916
r14000,14000,93.1083728565485,92.45498076632711,93.65286626506632,94.19735967358416,93.87066362847345,93.65286626506632,93.48951824251098,92.45498076632711,94.25180901443593,95.17744780891624,89.51471636033084,95.44969451317516,94.52405571869485,94.74185308210198,95.2863464906198,94.25180901443593
r15000,15000,95.434832534211,93.57972779812482,94.5072801661679,95.33177115998399,95.434832534211,96.05320077957306,95.79554734400553,95.84707803111904,96.67156902493511,95.84707803111904,90.12717176152,95.74401665689203,95.95013940534605,95.95013940534605,94.09503466925987,95.53789390843801
r16000,16000,93.20459309950421,93.92313071150478,93.1019448692184,93.4612136752187,92.22943491178913,95.51417828093464,94.38504774779088,95.97609531722074,96.43801235350682,95.61682651122044,89.50925680921549,96.33536412322103,94.53902009321958,95.05226124464856,94.59034420836247,95.56550239607755
r17000,17000,91.78618674542868,92.09575229937617,93.2308259971836,93.95314562306106,94.15952265902605,95.03662506187726,94.62387098994728,94.41749395398229,95.60416191078097,94.46908821297353,89.51603934981381,94.88184228490351,94.62387098994728,95.03662506187726,92.92126044323612,94.3143054359998
r18000,18000,95.24010398802594,95.75575154616361,93.95098509268179,94.05411460430932,93.74472606942673,92.97125473222023,95.03384496477088,94.41506789500569,94.31193838337815,94.31193838337815,91.37274730199348,94.67289167407452,93.48690229035789,96.11670483685997,95.91044581360491,95.80731630197737
r19000,19000,93.05508200339217,94.30743243409903,93.16398204084494,93.65403220938241,93.54513217192964,94.36188245282541,94.68858256518372,90.87708125433676,96.15873307079612,91.31268140414785,88.80798054273413,95.01528267754203,93.70848222810879,93.54513217192964,93.3273320970241,93.43623213447687
r20000,20000,91.14536243853141,93.77306932624487,93.77306932624487,93.2063090171302,93.77306932624487,93.8761166551748,95.16420826679904,93.82459299070983,95.78249224037867,95.0611609378691,88.98136853100267,94.5459242932194,93.56697466838499,94.85506628000923,94.85506628000923,92.1758357278308
r21000,21000,93.32679262625058,93.32679262625058,93.94519213564594,93.4298592111498,92.60532653195598,94.66665822994054,94.61512493749092,94.30592518279325,95.13045786198707,94.35745847524285,89.667928862328,95.2850577393359,94.97585798463822,92.86299299420405,94.04825872054518,94.97585798463822
r22000,22000,94.77051488381404,94.35802080379744,93.63615616376839,95.02832368382442,95.28613248383479,95.64706480384932,95.59550304384724,95.69862656385139,94.92520016382026,95.59550304384724,91.57368576368539,96.42049120388045,96.36892944387837,96.52361472388459,96.05955888386592,95.59550304384724
r23000,23000,95.53339728011643,95.32706164884189,94.75963866283688,95.17230992538597,95.43022946447917,95.63656509575371,95.94606854266554,95.58498118793507,95.37864555666053,95.37864555666053,94.86280647847416,94.60488693938096,93.52162487518959,95.99765245048418,95.63656509575371,95.68814900357235
r24000,24000,94.71184531867624,94.71184531867624,92.80672199330056,94.8207095086977,94.4941169386333,94.38525274861183,93.62320341846156,93.94979598852596,94.92957369871917,94.54854903364404,93.78649970349376,94.38525274861183,91.01046285794635,92.48012942323616,94.1675243685689,95.36503045880504
r25000,25000,94.63204099413157,95.66537937280313,95.23028952915195,95.23028952915195,95.33906199006475,95.66537937280313,95.33906199006475,96.04608298599791,95.77415183371592,95.71976560325952,95.17590329869554,94.46888230276238,92.34781931496288,96.58994529056189,96.2092416773671,96.48117282964908
r26000,26000,92.32122050338478,93.62534604316185,93.73402317147661,93.40799178653234,91.0714335277651,94.33174737720776,94.16873168473563,94.38608594136514,94.98381014709629,94.71211732630941,91.50614204102412,94.65777876215203,90.79974070697821,94.98381014709629,94.16873168473563,95.36418009619794
r27000,27000,94.58926631544708,95.77485384964615,95.31092829278565,93.8160570540129,95.36247557688125,95.5686647132637,94.53771903135147,95.41402286097686,95.36247557688125,95.87794841783736,93.91915162220413,95.51711742916808,92.47582766752701,96.9088940997496,95.87794841783736,95.87794841783736
r28000,28000,94.05474660361538,94.31228972136898,93.53966036810817,94.15776385071682,94.3637983449197,94.72435870977475,94.72435870977475,94.1062552271661,94.67285008622403,94.67285008622403,92.20043615578945,95.3424621923834,92.20043615578945,94.26078109781827,94.26078109781827,94.82737595687618
r29000,29000,95.36407185212207,95.41561999906915,95.46716814601625,94.84859038265112,93.92072373760345,95.20942741128079,95.46716814601625,95.36407185212207,96.65277552579938,95.7764570276988,94.43620520707438,95.879553321593,92.06499044750811,96.34348664411682,95.72490888075171,95.879553321593
r30000,30000,95.90474765051097,95.52395738757644,95.14316712464192,94.00079633583833,94.10959355381962,96.12234208647357,95.5783559965671,95.90474765051097,96.61192956738938,95.68715321454839,93.45681024593185,96.1767406954642,92.20564223914697,96.44873374041745,95.90474765051097,96.1767406954642
confirm-r29000-2,29000,95.31082404229329,95.82629631942847,95.15618235915274,94.84689899287163,93.19738770603908,95.31082404229329,95.46546572543384,95.46546572543384,96.5479575074177,95.05308790372571,94.94999344829867,95.87784354714198,91.39323473606598,96.39331582427715,95.6201074085744,95.87784354714198
confirm-r29000-3,29000,93.88506051803594,95.89467487599609,95.48244628974786,94.76104626381344,95.63703200959094,95.94620344927712,96.20384631568227,95.89467487599609,96.40996060880639,95.17327485006167,94.50340339740829,96.6160749019305,92.03003187991887,95.740089156153,95.68856058287197,96.51301775536845
