workers,flows,inflight,repeats,qps,qps_min,qps_max,p99_ms,worker_cpu_pct,host_client_cpu_pct,host_server_cpu_pct,proxy_cpu_pct,dispatcher_cpu_pct,helper_cpu_pct,completed,rpc_errors,reconnects
1,1,64,3,11362.9,10610.9,11447.4,7.584046,[97.22120225495584],60.65786590677709,63.20508716271903,97.61047633805877,0.3000319357891162,0.0,334212,0,0
1,2,128,3,16180.9,16165.4,16232.2,11.030897000000001,[99.59755019872337],77.23651364746752,85.79270641036183,99.99754036016402,0.3999901614406561,0.0,485785,0,0
1,4,256,3,17956.9,17825.2,18024.1,18.220151,[99.70194335075774],81.45953756169634,94.59895877745402,100.10195114755116,0.4000388108454663,0.0,538062,0,0
2,1,64,3,10605.3,10578.1,10704.6,8.271972,"[98.99667660267107, 99.59784054990455]",55.71211353830282,59.799898166750744,198.99331963567215,0.3999913275096568,0.0,318880,0,0
2,2,128,3,19091.3,18992.5,19105.6,9.740982,"[98.99519439727638, 99.00095955710741]",89.54725880244452,101.10075372657022,198.50192396046282,0.4999667027672622,0.0,571894,0,0
2,4,256,3,23590.2,23551.2,23744.8,16.064501,"[98.7025743505012, 97.60254565966481]",104.93772995638587,126.60226575050099,196.80513305145527,0.4000135026168048,0.0,708862,0,0
2,8,512,3,24313.8,24208.2,24325.7,35.12496,"[98.90204993272265, 96.20283573232862]",109.40457601142248,138.60129570044083,195.50576284480505,0.4000117909868134,0.0,728477,0,0
4,1,64,3,11352.8,10787,11742.9,8.069315,"[98.50297872007634, 100.00272179387265, 100.00302408129578, 99.90271907207877]",59.71286946422653,64.69988981615249,398.41204793988237,0.5000151204064789,0.0,338827,0,0
4,2,128,3,17250.4,17016,18762.1,10.835878000000001,"[97.7928816173137, 98.30348005094443, 99.003504832589, 98.99279427519484]",79.30915352474695,95.30178564121698,395.3712207718388,0.49996360745047896,0.0,530285,0,0
4,4,256,3,25401.5,25249.3,25422.1,15.346656999999999,"[98.29321675520237, 97.99537135531246, 98.0997867209887, 97.99323745686503]",112.47123297513272,138.09672061680183,392.8728877224721,0.49999891295101273,0.0,760729,0,0
4,8,512,3,29324.8,29304.7,29371.6,27.002988000000002,"[98.3803631912568, 96.80098042954444, 96.90098144238488, 96.80098042954444]",126.80677995571823,166.09678951507289,389.52225100928507,0.5998802633613219,0.0,880011,0,0
4,16,1024,3,28620.5,28570.3,28742.1,47.322603,"[98.59883269858537, 95.59886821485559, 96.19886111160154, 95.99886347935289]",134.76406256102374,157.5998962997629,386.8124195426139,0.500016054217443,0.0,859329,0,0
8,1,64,3,11335.1,10779.9,11411.8,8.12466,"[98.51376494405962, 99.89487503350244, 99.99158020889911, 99.99158020889911, 100.01397456249707, 99.99158020889911, 100.01397456249707, 100.01397456249707]",59.56055598807733,64.80692473638675,798.4115589324141,0.6999410614622937,0.0,335268,0,0
8,2,128,3,18480.2,17017.6,18604.4,10.229486000000001,"[97.10945910254618, 99.90973186760417, 99.99898100029624, 99.90973186760417, 99.90955260243344, 99.99898100029624, 100.00956216459804, 100.00956216459804]",84.47249912940306,100.09861563609223,792.4919244273477,0.7000669351521862,0.0,541022,0,0
8,4,256,3,27117.1,26577.1,27273.2,14.776638,"[96.80160876539814, 100.00166194772535, 99.90166028577762, 97.10043762223121, 96.70822001529969, 96.60821151476681, 96.80822851583257, 97.20043807292352]",117.37130581877014,145.99914656220392,784.9667206826135,0.6000099716863521,0.0,809674,0,0
8,8,512,3,31489.8,31376.1,31590.6,24.559281,"[98.1996174930011, 97.79680869448866, 97.90044044421474, 97.79961905107442, 97.79961905107442, 97.69961944059274, 97.79680869448866, 97.79961905107442]",138.11135047207156,170.49802474648686,783.5744303987865,0.6999972733716983,0.0,944565,0,0
8,16,1024,3,30457.8,30199.2,30498.8,45.422226,"[98.40314213992684, 97.79366006672733, 98.09112030109426, 97.9911293527751, 97.89113840445594, 97.89365358417797, 97.89113840445594, 97.9911293527751]",143.93443713042979,164.28202201001292,784.7250572886239,0.7999481396051316,0.0,911558,0,0
8,32,2048,3,27367.4,26924.6,27406.1,98.739189,"[98.00291049012183, 97.89686667409717, 98.10991355515279, 98.10991355515279, 98.00291049012183, 97.60986302734875, 98.00291049012183, 97.90989334403118]",97.31119622175333,95.90093627155855,783.5232690715353,0.8000237591030354,0.0,816981,0,0
12,1,64,3,11198.3,10746.3,11828.4,8.064421,"[98.80484388799375, 99.80921169176872, 99.90489781792081, 100.00923015207286, 100.00590693869354, 100.00590693869354, 100.00490272064145, 99.80489291520017, 99.90922092192079, 100.00590693869354, 100.00590693869354, 100.10591284563223]",59.820280596169404,64.40109885005452,1198.2587443987259,0.5000245136032073,0.0,337730,0,0
12,2,128,3,18370.7,18158,18800.2,10.308537,"[97.09980868422578, 99.99333599407181, 99.9998029703664, 100.00196354826683, 99.90196158471856, 99.89980316739603, 99.99333599407181, 99.99333599407181, 99.99333599407181, 99.99333599407181, 99.9998029703664, 99.9998029703664]",84.13805226182939,100.29725662963226,1192.0234054953405,0.8999982267332975,0.0,553289,0,0
12,4,256,3,26799.2,26352,26960.8,15.004281,"[96.7998606370021, 99.89985617393089, 99.9082423200352, 99.99985602996085, 99.89985617393089, 99.99471830918883, 99.99471830918883, 99.79472887257045, 99.89472359087964, 99.99471830918883, 96.89986049303207, 99.89985617393089]",116.86505732443808,145.21061112052877,1184.3982948188564,0.9000742551354524,0.0,801120,0,0
12,8,512,3,32459.1,32401.9,32467.9,23.851761999999997,"[97.505128369518, 97.54144904802983, 97.40832271324544, 97.40512310965183, 97.60513362938417, 97.60513362938417, 97.40512310965183, 97.54144904802983, 97.64138905730036, 97.54144904802983, 97.64138905730036, 97.30831416836531]",139.67863876262408,183.40197534932602,1177.9619559636435,1.000052598661723,0.0,973289,0,0
12,16,1024,3,33044.2,31173.6,33192.3,37.641214,"[98.0052041644571, 98.48870937247182, 97.4958022403038, 97.59579793490924, 97.79578932412012, 98.80524664743226, 98.50523071631658, 98.69575057556908, 98.78867498477376, 98.79574627017452, 98.69575057556908, 98.59575488096364]",152.86885489807568,184.67529077929456,1179.4647875712462,1.00005310371895,0.0,974101,0,0
12,32,2048,3,28675.6,28525.6,29396.4,86.582058,"[98.29038879223644, 98.19039856966042, 98.20328343692127, 98.09040834708439, 98.39037901481248, 98.39037901481248, 98.29038879223644, 98.29038879223644, 98.50329346778763, 98.59985030557753, 98.09985106467704, 98.39985060921734]",100.77625424567589,101.79601488972058,1181.284489513206,1.0998924483363184,0.0,865976,0,0
16,1,64,3,11381.7,10849.2,11447,8.448606,"[98.1988728438347, 99.80674787464413, 97.39888202636966, 99.89885333094793, 99.70674111324668, 99.99885218313106, 99.90675463604157, 99.70674111324668, 97.4988808785528, 99.89885333094793, 97.4988808785528, 98.30664645368253, 99.00669378346461, 97.09888546982026, 98.99886366129975, 99.29886021784915]",59.31090718869942,64.39759773765343,1581.206904454908,0.7000473297820731,0.0,336779,0,0
16,2,128,3,18876.2,17055.4,19167.6,10.25633,"[96.9906290762684, 99.39039721836164, 97.59057111179172, 99.79829678212914, 99.89034891463108, 99.89034891463108, 96.79064839776063, 98.4756908716458, 99.27549343710079, 98.4756908716458, 96.29069670149121, 99.69829848876027, 98.99831043517821, 98.49831896833388, 99.19041653985387, 94.59838552694806]",86.07257544076784,101.90134641233833,1574.8731222662846,0.8999130532849646,0.0,550992,0,0
16,4,256,3,26818.2,23103.4,26875.8,15.848995,"[96.07347015661979, 98.4728076006977, 98.37283520719447, 98.77725620144115, 98.37283520719447, 99.77244871623992, 97.77748640183141, 99.67247632273667, 95.80388981978331, 98.8726971747107, 98.37734828159725, 99.277141101246, 96.3778086823778, 99.07718714132406, 99.10402381148775, 98.50399944935967]",116.46570592545756,144.70164524328143,1562.768455242748,1.099746779570701,0.0,767974,0,0
16,8,512,3,31948,31165.1,32929.7,24.833605,"[94.99319578960616, 99.26678210839002, 98.79628949767404, 99.36674865633401, 99.866581396054, 97.5963345645039, 99.69625569755163, 96.69636836462631, 93.96855506735812, 96.66765186184607, 96.99635709791883, 96.39637963133377, 95.96788602623808, 96.06785257418208, 96.69636836462631, 96.69307403005175]",137.65189776340677,177.77921094406562,1557.941488232552,1.099632027383978,0.0,960428,0,0
16,16,1024,3,30646,30478.7,30837.7,46.175629,"[97.29356077146291, 98.18245835867985, 97.78252981139399, 97.96637505982301, 97.88251194821545, 97.96637505982301, 96.68272630635785, 97.49354753563857, 94.28315502264266, 98.29349459234125, 97.56651230447679, 97.58256553775105, 97.69353429981423, 97.56651230447679, 98.16630643749612, 97.08265485364372]",148.24926196816156,168.40511293088818,1558.4650889618783,1.2997677786790611,0.0,919624,0,0
16,32,2048,3,28116.2,23521.2,28581.6,110.330154,"[95.40789708339733, 95.0752795434541, 95.10145595569969, 96.9747856542066, 98.3744217358137, 97.37468167752291, 96.37494161923213, 98.40814541935322, 94.27548749682147, 98.10812058575763, 96.37494161923213, 95.77509758425765, 96.17499360757397, 97.27470767169383, 97.57462968918108, 95.50146207959328]",100.69541332093658,99.6043715659561,1542.099039913543,1.3000199026541495,0.0,802190,0,0
