tag,offered_rps,actual_rps,p99_ms,http_ok,non2xx,socket_errors,rpc_errors,host_app_cores,host_physical_cores,dpu_proxy_cores,dpu_physical_cores,r4_wrk_cores
r1000,1000,974.45,99.52,False,0,1248,0,2.531003604511107,2.608875674795212,15.668570584827615,15.898473252710064,0.208668110673893
r2000,2000,1945.29,91.65,False,0,211,0,4.109875674273835,4.307978702955953,15.479422194036612,15.849716130518136,0.3536058220661167
r3000,3000,2931.39,15.77,False,0,36,0,5.583175830307958,5.888690602734877,15.590667154752971,15.879559478750721,0.4689861627313196
r4000,4000,3911.93,13.73,False,0,13,0,7.005106211324814,7.50696066095754,15.658736170689018,15.952173126240504,0.547966585314025
r5000,5000,4865.66,15.16,False,0,6,0,7.991430678878637,8.62147839148904,15.357807764988722,15.920231136006905,0.6069701428538664
r6000,6000,5869.0,15.17,False,0,1,0,9.058079787818087,9.830595894149122,15.398571814386445,15.907987291942657,0.6728313894458358
r7000,7000,6810.77,105.6,True,0,0,0,9.63474544313712,10.531441522398607,15.24746613287389,15.888858762700407,0.7076442411054685
r8000,8000,7794.4,17.33,True,0,0,1,10.162185935675287,11.196745855259936,15.470111407689433,15.902927535533841,0.7392281924651891
r9000,9000,8770.38,18.7,True,0,0,1,10.571289907158649,11.7079453149225,15.397673321931428,15.887683868079884,0.8037538060578558
r10000,10000,9740.86,20.82,True,0,0,0,11.128113671020396,12.317374113207075,15.387915269898134,15.876141153070183,0.8309734632037035
r11000,11000,10757.24,36.77,True,0,0,0,11.532604642148566,12.766344178817043,15.351993636645663,15.859383195325256,0.8653876539996826
r12000,12000,11790.1,35.55,True,0,0,1,11.723584224586908,12.983396149556519,15.038572402400272,15.812500394769675,0.9001942251323085
r13000,13000,12791.04,33.57,True,0,0,11,12.060754194570148,13.29537969374842,15.30032976160482,15.835566569256416,0.9405652771930118
r14000,14000,13635.87,151.29,True,0,0,0,12.117317768315045,13.340969734490653,15.007871818976879,15.802159995391465,0.9774642806995085
r15000,15000,14622.12,46.65,True,0,0,2,12.276549114857527,13.468446521696762,15.23504764510771,15.810564283763963,0.9876921488356231
r16000,16000,15596.06,244.74,True,0,0,1,12.255439433164925,13.416262154384379,15.10725329231226,15.641581252411559,1.015360117925263
r17000,17000,16564.55,96.64,True,0,0,282,12.53273192044802,13.69002197831923,15.018572849762132,15.757093510187604,1.0649078839708543
r18000,18000,17550.82,377.86,True,0,0,6,12.663924245898778,13.803246574217454,15.124458527735728,15.66980692962909,1.117236307025601
r19000,19000,18701.11,266.75,True,0,0,14,13.058958309198276,14.19918668918399,14.941085138520076,15.749675322346205,1.14166105715284
r20000,20000,19543.78,307.97,True,0,0,123,12.990505993089217,14.124879012575997,14.996993015818731,15.527410758716453,1.1833279340136487
r21000,21000,20194.07,714.24,True,0,0,218,13.346515489052805,14.482829739065561,15.03020007585436,15.772695001143564,1.2248682905065944
r22000,22000,21470.51,265.21,True,0,0,178,13.627844108685597,14.761338262845316,15.241140639013379,15.807626852692781,1.2517806271264327
r23000,23000,22369.71,545.28,True,0,0,342,13.768911657149244,14.9019812277419,15.258004093674753,15.807795646553982,1.2963681492657706
r24000,24000,22798.86,2120.0,True,0,0,164,13.710947615562336,14.862701707941675,15.05537315901877,15.778777813339703,1.3217753957261422
r25000,25000,23046.08,2600.0,True,0,0,139,13.834581716404621,14.9767759040074,15.277092135202045,15.80670692742447,1.3450670269445903
r26000,26000,22436.1,4059.9999999999995,True,0,0,18,13.636630413947112,14.79440433622599,14.994726779228387,15.764674364310281,1.3751801167697346
r27000,27000,23121.51,3910.0,True,0,0,10,13.85694650275945,15.009416594707705,15.24098548854945,15.798927981825749,1.4011229633191489
r28000,28000,23192.43,4640.0,True,0,0,0,13.766152179955837,14.910473470224012,15.078119372002373,15.750573253804692,1.425404263613078
r29000,29000,23360.23,4810.0,True,0,0,0,13.861920656052678,15.010493675972922,15.254643126053233,15.793221162121062,1.437682235186018
r30000,30000,23353.68,5300.0,True,0,0,1,13.871206334591461,15.022428598430238,15.262617724505878,15.789643592457956,1.4714454378130841
confirm-r29000-2,29000,23357.72,4790.0,True,0,0,0,13.839878284276713,14.989053424448208,15.238906928947088,15.79461498448102,1.4395932029100533
confirm-r29000-3,29000,22907.45,4980.0,True,0,0,3,13.774145190535899,14.924018866118299,15.279767835023707,15.800611556993607,1.4293005729307053
