core,worker,busy,worker_cpu,user,system,irq,idle,iowait
0,15,98.91287917431588,95.4281483295857,89.14457834404519,9.660739641496995,0.10756118877370295,1.0751562408552104,0.011964584828906437
1,14,98.94800454235354,94.90055062408909,88.1669491726427,10.781055369710854,0.0,1.051995457646449,0.0
2,13,98.9147809966191,95.40992256967411,89.25191858896828,9.66286240765082,0.0,1.0852190033809066,0.0
3,12,98.96014229946007,95.33969957109073,89.7709033436143,9.189238955845777,0.0,1.0398577005399268,0.0
4,11,98.887694188361,95.74535530408215,77.67621299437972,21.21148119398127,0.0,1.112305811639004,0.0
5,10,99.16343486063883,91.33705501705754,73.42191397551312,25.741520885125702,0.0,0.8365651393611748,0.0
6,9,99.22433920726533,96.0662423310427,83.60397198594937,15.62036722131595,0.0,0.7756607927346767,0.0
7,8,99.22401943552966,95.88895893208752,83.13850193872184,16.07399941341689,0.01151808339092375,0.7759805644703439,0.0
8,7,99.17673191360488,96.26736466105248,83.95187030172993,15.224861611874957,0.0,0.8232680863951227,0.0
9,6,99.20046773964958,96.52863610782586,83.40310643033075,15.797361309318825,0.0,0.7995322603504174,0.0
10,5,99.5236098588773,97.66868062222149,74.89536172591752,24.628248132959765,0.0,0.47639014112271244,0.0
11,4,99.71037671986143,98.26147114148054,76.88126863569478,22.829108084166656,0.0,0.28962328013856764,0.0
12,3,99.56865866285034,97.30568980647853,77.61098949634022,21.957669166510126,0.0,0.43134133714965617,0.0
13,2,99.25633429129432,96.26128483852669,78.96436613564957,20.291968155644756,0.0,0.7436657087056726,0.0
14,1,99.11333334517215,96.39325364033294,80.2132006332621,18.900132711910047,0.0,0.8866666548278492,0.0
15,0,99.18549619810116,96.25694639231064,79.7342396546762,19.451256543424964,0.0,0.8145038018988384,0.0
