tag,label,transport,l7,connections,concurrency,ok,qps,p50_us,p99_us,client_cpu_pct,server_cpu_pct,proxy_cpu_pct,client_cores_busy_pct,server_cores_busy_pct,problems
go-go-1x64-r1,go-go,dpumesh,L7,1,64,True,12978.7,4923.453,6341.031,38.80378745040642,44.30002219865745,96.2037962037067,5.423047953803666,6.438682199674308,
go-go-4x256-r1,go-go,dpumesh,L7,4,256,True,15732.5,16318.586,20542.862,44.45716421868239,49.50203373191397,94.40559440550658,5.902340800402718,6.385920804525456,
go-j-1x1-r1,go-j,dpumesh,L7,1,1,True,583.4,1791.48,2487.664,19.195636832587955,39.79999779453513,96.60678642696612,2.633568548387097,5.09433962264151,
go-j-1x64-r1,go-j,dpumesh,L7,1,64,True,11989,5449.34,6908.898,39.11375881069555,62.80123911224439,96.29629629638607,5.616146420960261,8.12310797174571,
j-go-1x64-r1,j-go,dpumesh,L7,1,64,True,11630.4,5476.268,6736.199,57.41294360960426,41.8027794866524,96.1997828451231,7.514815281805573,5.156723963599595,
j-j-1x1-r1,j-j,dpumesh,L7,1,1,True,378.0,2664.885,3346.528,33.260323883564055,32.874115175876376,96.641791045028,4.138279081503911,4.345635470462275,
j-j-1x1-r2,j-j,dpumesh,L7,1,1,True,371.4,2701.774,3353.228,33.35960934519795,31.870553351021403,96.52551574170703,4.342900302114804,4.3335852859662385,
j-j-1x1-r3,j-j,dpumesh,L7,1,1,True,374.8,2674.276,3334.992,33.46111623692834,32.673627071478755,96.83426443211377,4.123061404614803,4.131502708149641,
j-j-1x64-r1,j-j,dpumesh,L7,1,64,True,10804.1,6035.796,7148.218,64.82776784833858,56.53625351244842,96.2925851705204,8.91599597585513,6.898750318796226,
j-j-1x64-r2,j-j,dpumesh,L7,1,64,True,10782.3,6053.761,7136.977,65.7258243811385,59.038781885558066,96.37096774265929,8.992579549742171,7.1692346873806185,
j-j-1x64-r3,j-j,dpumesh,L7,1,64,True,10806.7,6043.913,7049.498,63.42896842159528,57.94439495251142,96.18473895618305,8.526740665993945,6.925525143220878,
j-j-4x256-r1,j-j,dpumesh,L7,4,256,True,15003.8,17069.077,21372.072,79.95237810329384,66.6559227154717,94.48897795608818,10.407982821775926,8.41904761904762,
j-j-4x256-r2,j-j,dpumesh,L7,4,256,True,15006.8,17092.02,21416.748,78.8475721410376,65.95463898762947,94.48897795388378,9.443099273607748,7.944401938281051,
j-j-4x256-r3,j-j,dpumesh,L7,4,256,True,15153.0,16919.326,21178.34,80.45500079901785,66.26123819606119,94.57831325336579,10.149708195889367,7.911190506571392,
tcp-j-j-1x1,j-j,tcp,-,1,1,True,4940.4,109.223,1069.865,75.83740439339721,74.77188283759851,,10.931073164651627,11.732050333086603,
tcp-j-j-1x64,j-j,tcp,-,1,64,True,78687.5,783.054,1241.018,253.0456930764698,233.12743787080694,,31.761334028139657,28.075582953631734,
tcp-j-j-4x256,j-j,tcp,-,4,256,True,225457.3,1060.976,2269.919,677.5923485758617,699.0628027963623,,87.6068376068376,90.51094890510949,
after-go-j-1x1-r1,go-j-after,dpumesh,L7,1,1,True,981.6,955.961,1922.396,24.923778110197393,52.20086876397933,96.65427509285314,4.054561381554248,6.643180674383493,
after-go-j-1x64-r1,go-j-after,dpumesh,L7,1,64,True,11864.5,5383.453,6367.548,35.12748195839225,55.49593556689654,96.2,5.46475358702433,6.783951398557145,
after-j-j-1x1-r1,j-j-after,dpumesh,L7,1,1,True,675.3,1482.939,2123.68,49.29168247024464,40.89268247194241,96.47887323771911,7.709524993782641,5.961923847695391,
after-j-j-1x1-r2,j-j-after,dpumesh,L7,1,1,True,662.7,1514.344,2138.516,43.07731433237158,42.19256685053263,96.41693811113917,6.8099913011060025,6.069327993993243,
after-j-j-1x64-r1,j-j-after,dpumesh,L7,1,64,True,11263.8,5640.342,6402.866,51.39980875000853,51.42102612626855,96.37826961824804,6.2381133510840625,6.643091689820662,
after-j-j-1x64-r2,j-j-after,dpumesh,L7,1,64,True,11277.0,5633.821,6481.462,55.81417591174313,50.924546239619744,96.38916750277764,7.140153904377444,6.014750762970499,
after-j-j-4x256-r1,j-j-after,dpumesh,L7,4,256,True,15519.3,16555.204,20821.457,77.54946589368379,65.25295071134413,94.7,9.924146649810366,7.967417589410717,
