case,rate,idle_cpu_pct,rps,host_service_cpu,host_service_cpu_us_per_http,user_cpu_pct,system_cpu_pct,infra_cpu,max_frontend_p99_ms,loadgen_cpu_pct,rps_min,rps_max,cpu_min,cpu_max,trials,http_ok,rpc_errors
tcp-r4,4000,3.0660760581024378,3953.7700000000004,992.191778007235,2509.476445344038,649.8463555714948,342.34542243574026,35.38366901836079,14.27,34.02970236075108,3924.2599999999998,3953.7799999999997,822.7848040931191,997.759307663323,3,True,22
tcp-r4,8000,3.0660760581024378,7903.219999999999,1306.3400586083064,1652.9212885485997,870.4812102308335,427.98894569106807,51.85600593753376,19.36,46.23333670296701,7845.7,7903.700000000001,1223.130908610897,1307.575050097458,3,True,32
dmesh-r4,4000,991.3205736068904,3952.06,1479.0617272295158,3742.50827980728,1063.7012460184314,423.5957798564813,19.995398430511948,48.32,32.653111235340226,3951.24,3980.66,1475.589734171586,1489.9775140766642,3,True,50
dmesh-r4,8000,991.3205736068904,7811.410000000001,1511.5922546836653,1935.4400852792166,1124.6202335238895,388.4383532326637,29.936248541061364,648.19,43.550678698264285,7810.07,7918.68,1510.4994956427877,1513.0585867565533,3,True,140
tcp-r1,4000,0.7153642503269347,3925.62,699.6086806436849,1782.1609851276612,486.7019092474883,212.9067713961967,32.908455820863125,13.53,31.69511760718419,3925.02,3982.7200000000003,691.0775722381256,963.520274028842,3,True,1
tcp-r1,8000,0.7153642503269347,7904.24,1136.5489336736875,1437.897803803639,818.2180422771529,318.78834814191634,51.230225754756404,14.41,45.31737730409345,7903.28,7904.710000000001,1135.2996010474344,1138.3684015616807,3,True,12
dmesh-r1,4000,254.2245729066783,3953.19,1166.2861546176046,2950.2405768951267,903.8329453894087,262.453209228196,23.66602774234183,60.0,32.86822731011452,3952.9,3981.88,1160.9882031945958,1185.4429979068966,3,True,26
dmesh-r1,8000,254.2245729066783,7801.700000000001,1205.2912589489715,1547.8249119673449,955.3652080837542,249.92605086521738,31.641642376257394,226.18,40.7212075080227,7787.0,7843.26,1191.576299774406,1225.4998897393973,3,True,288
spin0,4000,991.8097981163244,3953.42,1223.913555466481,3095.8348859126554,862.482854357824,361.43070110865716,28.49761523157743,19.28,34.40482602111472,3953.37,3982.35,1222.2561171576615,1235.4007111879366,3,True,5
spin0,8000,991.8097981163244,7845.15,1265.7624088211603,1613.4330239971962,923.3199197672847,342.44248905387565,41.751408454667924,122.75,44.19254655024049,7786.870000000001,7902.33,1248.4104661816475,1276.8660615593226,3,True,41
spin0-tick1000,4000,90.92975513078596,3952.86,691.4157086477062,1749.153040197999,516.8583717245001,174.55733692320615,29.345871134915814,26.45,32.9898805034182,3923.79,3981.9900000000002,613.6927629351002,756.1807314588126,3,True,27
spin0-tick1000,8000,90.92975513078596,7901.2699999999995,1027.1856390268103,1300.0259945892376,831.934361262036,195.25127776477441,48.77065946586005,147.07,41.940399983997786,7845.049999999999,7958.95,957.6491461405554,1080.2873791639881,3,True,59
