case,arm_cores,drivers,connections,concurrency,repeat,case_lifecycle_ok,completed,qps,p50_ms,p99_ms,mean_ms,proxy_cpu_pct,client_cpu_pct,server_cpu_pct,rpc_errors,reconnects,measurement_start,measurement_end
c1-k1,1,1,1,64,1,True,126871,12687.1,5.062849,6.870828,5.043643433992008,99.90096033785744,123.80003824174828,123.00003799462876,0,0,2026-09-29T08:40:25.508986+09:00,2026-09-29T08:40:35.508986+09:00
c1-k1,1,1,1,64,2,True,127266,12726.6,5.062808,6.766316,5.029828855947386,99.99980442031354,124.99981510036443,123.49981731916006,0,0,2026-09-29T08:40:40.830644+09:00,2026-09-29T08:40:50.830644+09:00
c1-k1,1,1,1,64,3,True,127384,12738.4,5.048644,6.740667,5.022736712766124,100.0002151406342,125.09749464728132,123.69752268480175,0,0,2026-09-29T08:40:56.140488+09:00,2026-09-29T08:41:06.140488+09:00
c1-k2,1,1,2,128,1,True,167399,16739.9,7.791154000000001,10.392043,7.642944129498982,100.00126094575702,140.19384494352173,144.993634214056,0,0,2026-09-29T08:41:14.811147+09:00,2026-09-29T08:41:24.811147+09:00
c1-k2,1,1,2,128,2,True,166205,16620.5,7.854055000000001,10.523736999999999,7.698095706446859,99.99838139629567,139.89600409427675,144.99585842509026,0,0,2026-09-29T08:41:30.334186+09:00,2026-09-29T08:41:40.334186+09:00
c1-k2,1,1,2,128,3,True,165914,16591.4,7.834157,10.795938,7.715278086243476,99.89995399624424,139.4004019192483,143.80041460536518,0,0,2026-09-29T08:41:45.863283+09:00,2026-09-29T08:41:55.863283+09:00
c1-k4,1,1,4,256,1,True,193765,19376.5,13.386505,17.36289,13.212489424958067,100.10481026650261,149.79916901940388,159.2991163203674,0,0,2026-09-29T08:42:05.273871+09:00,2026-09-29T08:42:15.273871+09:00
c1-k4,1,1,4,256,2,True,194167,19416.7,13.323926,17.261399,13.180579284167752,99.99999325984436,149.2992159402463,159.2991634245227,0,0,2026-09-29T08:42:21.200569+09:00,2026-09-29T08:42:31.200569+09:00
c1-k4,1,1,4,256,3,True,191795,19179.5,13.481928,17.284186000000002,13.347929968560182,99.89555222046141,151.09226190039473,159.6918214791068,0,0,2026-09-29T08:42:37.109416+09:00,2026-09-29T08:42:47.109416+09:00
c2-k1,2,1,1,64,1,True,160309,16030.9,4.118882999999999,5.959499,3.9929874758310513,166.59931397700865,159.30007716469188,158.70007687405274,0,0,2026-09-29T08:42:55.907959+09:00,2026-09-29T08:43:05.907959+09:00
c2-k1,2,1,1,64,2,True,161922,16192.2,4.071165,5.925366,3.9515000085720287,167.19964931552977,158.80334006269084,159.70335899251717,0,0,2026-09-29T08:43:11.235974+09:00,2026-09-29T08:43:21.235974+09:00
c2-k1,2,1,1,64,3,True,161365,16136.5,4.084246,5.966992,3.9656138150032536,167.00590380912612,158.997152487856,159.59714174252716,0,0,2026-09-29T08:43:26.555429+09:00,2026-09-29T08:43:36.555429+09:00
c2-k2,2,1,2,128,1,True,213080,21308,6.127386,8.872879000000001,6.006313153177211,176.00024302151084,174.1947744703343,180.59458248761408,0,0,2026-09-29T08:43:45.233644+09:00,2026-09-29T08:43:55.233644+09:00
c2-k2,2,1,2,128,2,True,212596,21259.6,6.126612,8.957619000000001,6.020926901917251,176.2041364625744,173.59322897890107,180.3929637545723,0,0,2026-09-29T08:44:00.780102+09:00,2026-09-29T08:44:10.780102+09:00
c2-k2,2,1,2,128,3,True,213385,21338.5,6.119034,8.866703,5.998038666883802,176.69763136821462,174.40497959346627,181.50518231774154,0,0,2026-09-29T08:44:16.301524+09:00,2026-09-29T08:44:26.301524+09:00
c2-k4,2,1,4,256,1,True,256184,25618.4,9.970242,14.983972,9.992949079790307,184.0134959915608,182.3001337900046,201.20014766071816,0,0,2026-09-29T08:44:35.703753+09:00,2026-09-29T08:44:45.703753+09:00
c2-k4,2,1,4,256,2,True,254507,25450.7,10.022613,15.129967,10.059053035181744,184.30284440135586,180.79931929064156,199.89924737942061,0,0,2026-09-29T08:44:51.691353+09:00,2026-09-29T08:45:01.691353+09:00
c2-k4,2,1,4,256,3,True,256157,25615.7,9.950408,14.911978999999999,9.992320543389406,184.20910322696358,181.2983406126184,201.19815847357322,0,0,2026-09-29T08:45:07.614363+09:00,2026-09-29T08:45:17.614363+09:00
c4-k1,4,1,1,64,1,True,171248,17124.8,3.732459,5.559127,3.736580546931935,266.51055474999134,157.0036431908147,163.30378938254802,0,0,2026-09-29T08:45:26.433261+09:00,2026-09-29T08:45:36.433261+09:00
c4-k1,4,1,1,64,2,True,170443,17044.3,3.747,5.556039,3.7543767637626657,265.8937470298931,156.00484312369085,162.5050449205113,0,0,2026-09-29T08:45:41.778652+09:00,2026-09-29T08:45:51.778652+09:00
c4-k1,4,1,1,64,3,True,171598,17159.8,3.714899,5.441545,3.7294546960337533,265.2997571708893,157.58970865138187,163.28933643890014,0,0,2026-09-29T08:45:57.110012+09:00,2026-09-29T08:46:07.110012+09:00
c4-k2,4,1,2,128,1,True,232860,23286,5.509644000000001,8.166437,5.497609462509663,299.0959677082264,180.204875712899,189.50512734514072,0,0,2026-09-29T08:46:15.781964+09:00,2026-09-29T08:46:25.781964+09:00
c4-k2,4,1,2,128,2,True,233730,23373,5.47885,8.288844999999998,5.475653260052197,299.41690031738983,181.40053554850763,189.60055975742586,0,0,2026-09-29T08:46:31.310145+09:00,2026-09-29T08:46:41.310145+09:00
c4-k2,4,1,2,128,3,True,233449,23344.9,5.486441,8.219427,5.4827419485240885,299.21856803815797,180.89943076370184,189.59940338749513,0,0,2026-09-29T08:46:46.848696+09:00,2026-09-29T08:46:56.848696+09:00
c4-k4,4,1,4,256,1,True,282126,28212.6,9.09665,13.841893,9.07764491706188,319.817544935042,187.7926992392449,211.59177400971365,0,0,2026-09-29T08:47:06.266584+09:00,2026-09-29T08:47:16.266584+09:00
c4-k4,4,1,4,256,2,True,282783,28278.3,9.050767,13.675766,9.05082914936895,320.8852502950302,188.3011489570351,212.80129844958614,0,0,2026-09-29T08:47:22.218485+09:00,2026-09-29T08:47:32.218485+09:00
c4-k4,4,1,4,256,3,True,284962,28496.2,9.026704,13.321135,8.984220049287272,322.41898183768114,188.69690393691647,214.59647898708147,0,0,2026-09-29T08:47:38.185132+09:00,2026-09-29T08:47:48.185132+09:00
