case,rpc_per_connection,total_concurrency,repeat,lifecycle_ok,completed,qps,mean_ms,p50_ms,p99_ms,proxy_cpu_pct,client_cpu_pct,server_cpu_pct,rpc_errors,reconnects,qps_latency_concurrency_ratio
c4-k4-q64,64,256,1,True,287461,28746.1,8.903856501734149,8.890519,13.529173,322.31358548505693,190.0006716906672,215.00076007101816,0,0,0.9998091772832031
c4-k4-q64,64,256,2,True,285363,28536.3,8.971007896857687,8.94817,13.637955,320.29527775829104,186.9917190342457,212.3905942399668,0,0,0.9999975494027344
c4-k4-q64,64,256,3,True,287112,28711.2,8.919479820843433,8.923269,13.607267,322.19941185687867,189.29522940050515,214.99458172799052,0,0,1.0003475352820312
c4-k4-q128,128,512,1,True,324295,32429.5,15.78229517448311,15.557816,24.380365,330.998918891114,199.49271672033603,234.19144990427418,0,0,0.9996326979705078
c4-k4-q128,128,512,2,True,322216,32221.6,15.893083220110112,15.638658,24.37439,329.9050897100158,196.90704556997497,233.20834447393685,0,0,1.0001964263380858
c4-k4-q128,128,512,3,True,323921,32392.1,15.80536462967205,15.60792,23.913919999999997,330.20081315260217,196.40002370536612,233.70002820745452,0,0,0.999939358634375
c4-k4-q256,256,1024,1,True,325477,32547.7,31.431134837131346,31.073421999999997,47.478019,334.02069032733414,198.29935594348862,240.59921855775775,0,0,0.9990343235727538
c4-k4-q256,256,1024,2,True,324496,32449.6,31.53179326974755,31.151692,47.638557,333.3197499945563,197.39752420083263,241.19697485937604,0,0,0.9992129676621093
c4-k4-q256,256,1024,3,True,325176,32517.6,31.47862765402428,31.052121,48.180338000000006,334.60634975794306,198.20572616318975,242.00699158169485,0,0,0.9996185767602538
c4-k4-q512,512,2048,1,True,318993,31899.3,64.25760019386945,63.914673,95.614467,334.6954516226957,198.8003722935611,237.70044514174785,0,0,1.0008654618478026
c4-k4-q512,512,2048,2,True,313695,31369.5,65.28976550875213,64.85221,98.657159,333.8141588946242,194.29661010679072,233.195931430281,0,0,1.0000523921517577
c4-k4-q512,512,2048,3,True,316165,31616.5,64.6617047434093,63.9972,95.456626,334.2025002700343,195.9021963574362,234.8026324896683,0,0,0.9982308535253906
c4-k4-q1024,1024,4096,1,True,305399,30539.9,133.7436801854754,132.731104,197.945009,331.3116993454409,195.2991351956577,220.29902449361694,0,0,0.9971969283438478
c4-k4-q1024,1024,4096,2,True,307522,30752.2,133.1079172591197,132.84352600000003,196.66760399999998,331.19456208317524,197.69760692992136,221.49731884156594,0,0,0.999355784457007
c4-k4-q1024,1024,4096,3,True,309652,30965.2,132.13373723079133,131.036401,190.874241,331.89033518711886,197.50761897477207,222.0085641134147,0,0,0.9989129883053954
